Unique Key,Created Date,Borough,Zip,City,Complaint Type
35139948,2014-01-01 00:00:59,BRONX,10467,BRONX,HEAT/HOT WATER
35139948,2017-01-01 00:00:59,BRONX,10467,BRONX,HEAT/HOT WATER
35140478,2017-01-01 00:01:43,QUEENS,11368,CORONA,Blocked Driveway
35138317,2017-01-01 00:02:54,BROOKLYN,11209,BROOKLYN,Noise - Residential
35139300,2017-01-01 00:03:41,MANHATTAN,10040,NEW YORK,Noise - Residential
35143952,2017-01-01 00:03:42,BRONX,10470,BRONX,HEAT/HOT WATER
35138219,2017-01-01 00:04:00,BROOKLYN,11217,BROOKLYN,Traffic Signal Condition
35137537,2017-01-01 00:04:01,BROOKLYN,11214,BROOKLYN,Noise - Residential
35138401,2017-01-01 00:06:04,QUEENS,11691,FAR ROCKAWAY,Noise - Residential
35143178,2017-01-01 00:08:00,STATEN ISLAND,10305,STATEN ISLAND,Traffic Signal Condition
35139201,2017-01-01 00:08:24,BRONX,10458,BRONX,Noise - Residential
35140227,2017-01-01 00:09:08,QUEENS,11366,FRESH MEADOWS,Noise - Residential
35138514,2017-01-01 00:09:22,BROOKLYN,11217,BROOKLYN,Noise - Commercial
35139192,2017-01-01 00:11:25,BRONX,10460,BRONX,Blocked Driveway
35141927,2017-01-01 00:12:02,BROOKLYN,11204,BROOKLYN,Noise - Residential
35138447,2017-01-01 00:12:23,QUEENS,11419,SOUTH RICHMOND HILL,Blocked Driveway
35138731,2017-01-01 00:12:36,BRONX,10457,BRONX,Noise - Residential
35141039,2017-01-01 00:12:44,STATEN ISLAND,10312,STATEN ISLAND,Noise - Residential
35136964,2017-01-01 00:12:52,QUEENS,11419,SOUTH RICHMOND HILL,Blocked Driveway
35139279,2017-01-01 00:13:01,QUEENS,11373,ELMHURST,Noise - Residential
35142731,2017-01-01 00:13:28,BROOKLYN,11214,BROOKLYN,Blocked Driveway
35137369,2017-01-01 00:13:48,QUEENS,11374,REGO PARK,Noise - Residential
35137540,2017-01-01 00:14:00,BROOKLYN,11215,BROOKLYN,Noise - Street/Sidewalk
35140093,2017-01-01 00:14:02,BROOKLYN,11205,BROOKLYN,Noise - Residential
35136997,2017-01-01 00:14:06,MANHATTAN,10011,NEW YORK,Noise - Commercial
35145620,2017-01-01 00:14:24,MANHATTAN,10033,NEW YORK,HEAT/HOT WATER
35140898,2017-01-01 00:15:11,QUEENS,11368,CORONA,Blocked Driveway
35141975,2017-01-01 00:15:24,BROOKLYN,11221,BROOKLYN,Noise - Residential
35141719,2017-01-01 00:15:49,BROOKLYN,11234,BROOKLYN,Noise - Residential
35137596,2017-01-01 00:15:51,BROOKLYN,11232,BROOKLYN,Noise - Residential
35139322,2017-01-01 00:15:56,BROOKLYN,11229,BROOKLYN,Noise - Street/Sidewalk
35142562,2017-01-01 00:16:43,BROOKLYN,11249,BROOKLYN,Noise - Residential
35138402,2017-01-01 00:17:37,MANHATTAN,10031,NEW YORK,Noise - Residential
35136991,2017-01-01 00:17:38,QUEENS,11377,WOODSIDE,Noise - Residential
35146238,2017-01-01 00:17:49,BRONX,10472,BRONX,HEAT/HOT WATER
35142669,2017-01-01 00:17:55,STATEN ISLAND,10312,STATEN ISLAND,Noise - Residential
35141644,2017-01-01 00:18:00,BROOKLYN,11207,BROOKLYN,Traffic Signal Condition
35140901,2017-01-01 00:18:10,MANHATTAN,10027,NEW YORK,Noise - Residential
35138363,2017-01-01 00:18:27,QUEENS,11374,REGO PARK,Noise - Residential
35142670,2017-01-01 00:19:07,BROOKLYN,11234,BROOKLYN,Illegal Parking
35137488,2017-01-01 00:19:10,BRONX,10472,BRONX,Drug Activity
35143660,2017-01-01 00:19:22,BROOKLYN,11217,BROOKLYN,Noise - Commercial
35138718,2017-01-01 00:19:40,QUEENS,11373,ELMHURST,Noise - Residential
35138792,2017-01-01 00:20:10,MANHATTAN,10019,NEW YORK,Noise - Street/Sidewalk
35138255,2017-01-01 00:20:27,MANHATTAN,10040,NEW YORK,Noise - Residential
35139162,2017-01-01 00:20:36,STATEN ISLAND,10304,STATEN ISLAND,Noise - Residential
35138256,2017-01-01 00:21:20,MANHATTAN,10017,NEW YORK,Illegal Parking
35138522,2017-01-01 00:21:34,QUEENS,11435,JAMAICA,Noise - Street/Sidewalk
35141838,2017-01-01 00:21:39,BROOKLYN,11225,BROOKLYN,Noise - Street/Sidewalk
35143653,2017-01-01 00:21:57,MANHATTAN,10034,NEW YORK,Noise - Residential
35143550,2017-01-01 00:22:11,QUEENS,11105,ASTORIA,Noise - Residential
35143564,2017-01-01 00:22:21,QUEENS,11435,JAMAICA,Homeless Person Assistance
35138258,2017-01-01 00:22:26,MANHATTAN,10032,NEW YORK,Noise - Residential
35139277,2017-01-01 00:22:35,BROOKLYN,11234,BROOKLYN,Noise - Residential
35139205,2017-01-01 00:22:47,QUEENS,11361,BAYSIDE,Noise - Residential
35141582,2017-01-01 00:23:00,MANHATTAN,10029,NEW YORK,Street Light Condition
35138259,2017-01-01 00:23:01,BROOKLYN,11222,BROOKLYN,Noise - Residential
35143450,2017-01-01 00:23:05,BROOKLYN,11221,BROOKLYN,Noise - Residential
35141955,2017-01-01 00:23:13,QUEENS,11691,FAR ROCKAWAY,Noise - Residential
35142182,2017-01-01 00:23:34,BROOKLYN,11206,BROOKLYN,Noise - Residential
35147850,2017-01-01 00:23:51,BROOKLYN,11222,BROOKLYN,Street Condition
35142758,2017-01-01 00:23:52,MANHATTAN,10009,NEW YORK,Noise - Residential
35142732,2017-01-01 00:23:56,QUEENS,11357,WHITESTONE,Noise - Residential
35142537,2017-01-01 00:24:00,BROOKLYN,11217,BROOKLYN,Traffic Signal Condition
35141863,2017-01-01 00:24:13,BROOKLYN,11203,BROOKLYN,Noise - Residential
35143677,2017-01-01 00:24:42,QUEENS,11691,FAR ROCKAWAY,Noise - Residential
35139343,2017-01-01 00:24:46,QUEENS,11417,OZONE PARK,Illegal Parking
35146892,2017-01-01 00:24:56,BROOKLYN,11222,BROOKLYN,Street Condition
35139542,2017-01-01 00:24:57,QUEENS,11694,ROCKAWAY PARK,Noise - Residential
35137875,2017-01-01 00:25:16,MANHATTAN,10031,NEW YORK,Illegal Parking
35143545,2017-01-01 00:25:16,BROOKLYN,11232,BROOKLYN,Noise - Residential
35138432,2017-01-01 00:25:53,BROOKLYN,11226,BROOKLYN,Noise - Residential
35142690,2017-01-01 00:26:14,QUEENS,11691,FAR ROCKAWAY,Noise - Residential
35143021,2017-01-01 00:26:29,BRONX,10452,BRONX,Blocked Driveway
35143424,2017-01-01 00:26:34,QUEENS,11691,FAR ROCKAWAY,Noise - Residential
35141185,2017-01-01 00:26:36,QUEENS,11427,QUEENS VILLAGE,Noise - Residential
35141269,2017-01-01 00:26:52,MANHATTAN,10030,NEW YORK,Noise - Residential
35141658,2017-01-01 00:27:00,STATEN ISLAND,10303,STATEN ISLAND,Electronics Waste
35142757,2017-01-01 00:27:20,BROOKLYN,11213,BROOKLYN,Noise - Street/Sidewalk
35141871,2017-01-01 00:27:27,BROOKLYN,11238,BROOKLYN,Noise - Residential
35143676,2017-01-01 00:27:49,MANHATTAN,10038,NEW YORK,Noise - Residential
35138700,2017-01-01 00:27:54,QUEENS,11691,FAR ROCKAWAY,Noise - Street/Sidewalk
35137517,2017-01-01 00:28:25,MANHATTAN,10023,NEW YORK,Noise - Helicopter
35138431,2017-01-01 00:28:31,BROOKLYN,11238,BROOKLYN,Noise - Commercial
35141938,2017-01-01 00:28:43,BRONX,10451,BRONX,Illegal Parking
35136942,2017-01-01 00:29:18,MANHATTAN,10009,NEW YORK,Noise - Commercial
35146192,2017-01-01 00:29:30,QUEENS,11691,Far Rockaway,HEAT/HOT WATER
35137520,2017-01-01 00:29:43,QUEENS,11691,FAR ROCKAWAY,Noise - Vehicle
35142688,2017-01-01 00:30:05,STATEN ISLAND,10312,STATEN ISLAND,Noise - Residential
35136924,2017-01-01 00:30:06,BROOKLYN,11221,BROOKLYN,Noise - Residential
35141086,2017-01-01 00:30:06,STATEN ISLAND,10305,STATEN ISLAND,Noise - Residential
35141414,2017-01-01 00:30:11,MANHATTAN,10032,NEW YORK,Noise - Residential
35138467,2017-01-01 00:30:29,QUEENS,11691,FAR ROCKAWAY,Noise - Street/Sidewalk
35142710,2017-01-01 00:30:40,BRONX,10467,BRONX,Noise - Residential
35143004,2017-01-01 00:30:55,MANHATTAN,10014,NEW YORK,Noise - Commercial
35136986,2017-01-01 00:30:55,BROOKLYN,11223,BROOKLYN,Noise - Residential
35139204,2017-01-01 00:31:22,BROOKLYN,11225,BROOKLYN,Sidewalk Condition
35145741,2017-01-01 00:31:54,BROOKLYN,11249,BROOKLYN,Street Condition
35136920,2017-01-01 00:31:58,QUEENS,11373,ELMHURST,Noise - Residential
35136922,2017-01-01 00:32:34,QUEENS,11415,KEW GARDENS,Noise - Street/Sidewalk
35140499,2017-01-01 00:32:40,BROOKLYN,11236,BROOKLYN,Noise - Vehicle
35139376,2017-01-01 00:32:51,MANHATTAN,10012,NEW YORK,Noise - Residential
35140472,2017-01-01 00:32:51,MANHATTAN,10065,NEW YORK,Noise - Residential
35145861,2017-01-01 00:32:53,BROOKLYN,11249,BROOKLYN,Street Condition
35140910,2017-01-01 00:32:54,QUEENS,11105,ASTORIA,Noise - Street/Sidewalk
35142689,2017-01-01 00:33:07,QUEENS,11377,WOODSIDE,Illegal Parking
35141425,2017-01-01 00:33:13,MANHATTAN,10014,NEW YORK,Noise - Residential
35142083,2017-01-01 00:33:25,MANHATTAN,10027,NEW YORK,Noise - Residential
35139601,2017-01-01 00:33:38,STATEN ISLAND,10307,STATEN ISLAND,Noise - Street/Sidewalk
35144232,2017-01-01 00:34:00,QUEENS,11432,Jamaica,Sanitation Condition
35143285,2017-01-01 00:34:00,MANHATTAN,,,Street Light Condition
35139375,2017-01-01 00:34:33,BROOKLYN,11236,BROOKLYN,Noise - Commercial
35137515,2017-01-01 00:34:42,QUEENS,11106,ASTORIA,Noise - Residential
35143442,2017-01-01 00:34:43,QUEENS,11691,FAR ROCKAWAY,Noise - Residential
35136950,2017-01-01 00:34:50,BROOKLYN,11212,BROOKLYN,Blocked Driveway
35141929,2017-01-01 00:35:04,BROOKLYN,11215,BROOKLYN,Noise - Commercial
35140425,2017-01-01 00:35:54,BROOKLYN,11218,BROOKLYN,Noise - Residential
35147813,2017-01-01 00:36:17,BROOKLYN,11249,BROOKLYN,Street Condition
35147773,2017-01-01 00:36:37,QUEENS,11373,Elmhurst,Building/Use
35140154,2017-01-01 00:36:49,MANHATTAN,10003,NEW YORK,Noise - Commercial
35144030,2017-01-01 00:37:02,BROOKLYN,11205,BROOKLYN,Street Condition
35141867,2017-01-01 00:37:06,QUEENS,11693,FAR ROCKAWAY,Noise - Residential
35142753,2017-01-01 00:37:20,MANHATTAN,10029,NEW YORK,Noise - Residential
35138472,2017-01-01 00:37:27,BROOKLYN,11217,BROOKLYN,Noise - Residential
35139344,2017-01-01 00:37:39,MANHATTAN,10033,NEW YORK,Noise - Street/Sidewalk
35138710,2017-01-01 00:38:01,MANHATTAN,10003,NEW YORK,Noise - Residential
35143539,2017-01-01 00:38:10,MANHATTAN,10033,NEW YORK,Noise - Street/Sidewalk
35141118,2017-01-01 00:38:30,BROOKLYN,11234,BROOKLYN,Noise - Residential
35136974,2017-01-01 00:39:00,MANHATTAN,10014,NEW YORK,Noise - Commercial
35147011,2017-01-01 00:39:00,QUEENS,11361,Bayside,Noise
35144673,2017-01-01 00:39:04,BROOKLYN,11238,BROOKLYN,Street Condition
35142972,2017-01-01 00:39:26,QUEENS,11374,REGO PARK,Illegal Parking
35142755,2017-01-01 00:39:26,Unspecified,,,Noise - Residential
35142780,2017-01-01 00:39:30,BROOKLYN,11201,BROOKLYN,For Hire Vehicle Complaint
35141990,2017-01-01 00:39:33,QUEENS,11370,EAST ELMHURST,Blocked Driveway
35140706,2017-01-01 00:39:34,BROOKLYN,11207,BROOKLYN,Blocked Driveway
35147473,2017-01-01 00:39:48,BROOKLYN,11216,BROOKLYN,Street Condition
35143286,2017-01-01 00:40:00,MANHATTAN,10029,NEW YORK,Street Light Condition
35139373,2017-01-01 00:40:01,BROOKLYN,11219,BROOKLYN,Noise - Residential
35146699,2017-01-01 00:40:08,MANHATTAN,10031,NEW YORK,HEAT/HOT WATER
35137489,2017-01-01 00:40:11,MANHATTAN,10012,NEW YORK,Noise - Commercial
35144696,2017-01-01 00:40:44,BROOKLYN,11238,BROOKLYN,Street Condition
35140137,2017-01-01 00:41:00,BROOKLYN,11221,BROOKLYN,Noise - Residential
35137575,2017-01-01 00:41:02,BROOKLYN,11225,BROOKLYN,Noise - Residential
35142589,2017-01-01 00:41:10,BROOKLYN,11238,BROOKLYN,Noise - Residential
35139562,2017-01-01 00:41:16,MANHATTAN,10029,NEW YORK,Noise - Residential
35144071,2017-01-01 00:41:20,BROOKLYN,11215,BROOKLYN,Street Condition
35140481,2017-01-01 00:41:36,MANHATTAN,10031,NEW YORK,Noise - Residential
35141858,2017-01-01 00:41:36,BRONX,10453,BRONX,Noise - Residential
35140473,2017-01-01 00:41:48,MANHATTAN,10002,NEW YORK,Noise - Residential
35142767,2017-01-01 00:42:15,QUEENS,11374,REGO PARK,Noise - Residential
35141970,2017-01-01 00:42:24,BROOKLYN,11238,BROOKLYN,Noise - Residential
35137546,2017-01-01 00:42:24,QUEENS,11691,FAR ROCKAWAY,Noise - Residential
35138473,2017-01-01 00:42:39,MANHATTAN,10003,NEW YORK,Noise - Commercial
35140858,2017-01-01 00:43:00,STATEN ISLAND,10312,STATEN ISLAND,Electronics Waste
35140416,2017-01-01 00:43:05,BRONX,10457,BRONX,Drinking
35143063,2017-01-01 00:43:20,MANHATTAN,10038,NEW YORK,Noise - Residential
35140098,2017-01-01 00:43:27,MANHATTAN,10025,NEW YORK,Noise - Residential
35138725,2017-01-01 00:43:47,MANHATTAN,10016,NEW YORK,Noise - Commercial
35145177,2017-01-01 00:43:48,QUEENS,11434,Jamaica,Building/Use
35143619,2017-01-01 00:43:50,MANHATTAN,10031,NEW YORK,Noise - Residential
35139337,2017-01-01 00:44:23,QUEENS,11374,REGO PARK,Noise - Residential
35141971,2017-01-01 00:44:33,MANHATTAN,10009,NEW YORK,Noise - Residential
35142192,2017-01-01 00:44:34,QUEENS,11373,ELMHURST,Noise - Residential
35141102,2017-01-01 00:44:49,QUEENS,11372,JACKSON HEIGHTS,Noise - Residential
35143057,2017-01-01 00:45:01,MANHATTAN,10013,NEW YORK,Noise - Residential
35137736,2017-01-01 00:46:14,QUEENS,11435,JAMAICA,Noise - Residential
35137491,2017-01-01 00:46:22,BROOKLYN,11206,BROOKLYN,Noise - Street/Sidewalk
35140500,2017-01-01 00:46:23,QUEENS,11427,QUEENS VILLAGE,Noise - Residential
35143668,2017-01-01 00:46:29,BROOKLYN,11238,BROOKLYN,Noise - Residential
35137847,2017-01-01 00:46:31,QUEENS,11434,JAMAICA,Noise - Residential
35140405,2017-01-01 00:46:43,BROOKLYN,11233,BROOKLYN,Noise - Residential
35141903,2017-01-01 00:47:15,BRONX,10454,BRONX,Noise - Residential
35140155,2017-01-01 00:47:32,MANHATTAN,10009,NEW YORK,Noise - Commercial
35140215,2017-01-01 00:47:44,BRONX,10472,BRONX,Noise - Residential
35146279,2017-01-01 00:48:00,BROOKLYN,11233,BROOKLYN,HEAT/HOT WATER
35142937,2017-01-01 00:48:11,MANHATTAN,10026,NEW YORK,Noise - Commercial
35142998,2017-01-01 00:48:20,BRONX,10473,BRONX,Blocked Driveway
35138457,2017-01-01 00:48:24,BROOKLYN,11235,BROOKLYN,Noise - Residential
35137391,2017-01-01 00:49:00,QUEENS,11694,ROCKAWAY PARK,Noise - Residential
35139678,2017-01-01 00:49:01,BROOKLYN,11221,BROOKLYN,Noise - Residential
35137543,2017-01-01 00:49:05,BRONX,10470,BRONX,Noise - Residential
35141084,2017-01-01 00:49:08,BROOKLYN,11249,BROOKLYN,Noise - Residential
35140072,2017-01-01 00:49:19,MANHATTAN,10128,NEW YORK,Noise - Residential
35142779,2017-01-01 00:49:20,MANHATTAN,10017,NEW YORK,Noise - Residential
35137580,2017-01-01 00:49:37,BRONX,10458,BRONX,Blocked Driveway
35142183,2017-01-01 00:50:06,QUEENS,11373,ELMHURST,Blocked Driveway
35142206,2017-01-01 00:50:27,QUEENS,11428,QUEENS VILLAGE,Noise - Vehicle
35137545,2017-01-01 00:50:55,QUEENS,11368,CORONA,Noise - Residential
35147275,2017-01-01 00:51:06,BROOKLYN,11235,BROOKLYN,HEAT/HOT WATER
35139575,2017-01-01 00:51:26,STATEN ISLAND,10312,STATEN ISLAND,Noise - Residential
35142727,2017-01-01 00:51:31,QUEENS,11374,REGO PARK,Noise - Residential
35145617,2017-01-01 00:51:34,QUEENS,11368,Corona,HEAT/HOT WATER
35140501,2017-01-01 00:51:37,BRONX,10452,BRONX,Noise - Residential
35136936,2017-01-01 00:51:40,MANHATTAN,10003,NEW YORK,Noise - Commercial
35142797,2017-01-01 00:51:45,BROOKLYN,11209,BROOKLYN,Noise - Residential
35137791,2017-01-01 00:52:01,QUEENS,11373,ELMHURST,Noise - Residential
35142798,2017-01-01 00:52:03,BROOKLYN,11203,BROOKLYN,Noise - Residential
35142214,2017-01-01 00:52:06,QUEENS,11368,CORONA,Noise - Street/Sidewalk
35139641,2017-01-01 00:52:17,QUEENS,11373,ELMHURST,Illegal Parking
35140727,2017-01-01 00:52:20,STATEN ISLAND,10304,STATEN ISLAND,Blocked Driveway
35140117,2017-01-01 00:53:21,BRONX,10467,BRONX,Illegal Parking
35141144,2017-01-01 00:53:27,MANHATTAN,10002,NEW YORK,Noise - Residential
35142197,2017-01-01 00:53:50,BRONX,10469,BRONX,Blocked Driveway
35143005,2017-01-01 00:53:53,MANHATTAN,10025,NEW YORK,Noise - Commercial
35141916,2017-01-01 00:53:58,QUEENS,11435,JAMAICA,Noise - Residential
35143581,2017-01-01 00:54:31,MANHATTAN,10009,NEW YORK,Noise - Residential
35146424,2017-01-01 00:54:32,MANHATTAN,10025,NEW YORK,Street Condition
35138500,2017-01-01 00:54:42,MANHATTAN,10031,NEW YORK,Noise - Residential
35140183,2017-01-01 00:54:49,QUEENS,11416,OZONE PARK,Illegal Parking
35142765,2017-01-01 00:54:54,BROOKLYN,11238,BROOKLYN,Noise - Residential
35140184,2017-01-01 00:55:22,MANHATTAN,10040,NEW YORK,Noise - Street/Sidewalk
35139278,2017-01-01 00:55:35,BROOKLYN,11204,BROOKLYN,Illegal Parking
35140224,2017-01-01 00:55:52,QUEENS,11374,REGO PARK,Noise - Residential
35147974,2017-01-01 00:55:59,MANHATTAN,10034,NEW YORK,Street Condition
35148151,2017-01-01 00:56:16,QUEENS,11434,Jamaica,WATER LEAK
35148086,2017-01-01 00:56:16,QUEENS,11434,Jamaica,PAINT/PLASTER
35148063,2017-01-01 00:56:16,QUEENS,11434,Jamaica,PAINT/PLASTER
35146531,2017-01-01 00:56:16,QUEENS,11434,Jamaica,UNSANITARY CONDITION
35147029,2017-01-01 00:56:16,QUEENS,11434,Jamaica,DOOR/WINDOW
35144977,2017-01-01 00:56:16,QUEENS,11434,Jamaica,SAFETY
35147486,2017-01-01 00:56:16,QUEENS,11434,Jamaica,DOOR/WINDOW
35145005,2017-01-01 00:56:16,QUEENS,11434,Jamaica,DOOR/WINDOW
35141897,2017-01-01 00:56:56,QUEENS,11374,REGO PARK,Noise - Residential
35146236,2017-01-01 00:57:16,MANHATTAN,10040,NEW YORK,Street Condition
35137879,2017-01-01 00:57:24,QUEENS,11418,RICHMOND HILL,Noise - Residential
35141145,2017-01-01 00:57:31,QUEENS,11385,RIDGEWOOD,Noise - Residential
35137790,2017-01-01 00:57:57,BRONX,10468,BRONX,Illegal Parking
35141763,2017-01-01 00:58:01,BRONX,10471,BRONX,Noise - Commercial
35143974,2017-01-01 00:58:40,MANHATTAN,10033,NEW YORK,Street Condition
35140243,2017-01-01 00:58:48,BROOKLYN,11211,BROOKLYN,Noise - Residential
35146319,2017-01-01 00:59:23,MANHATTAN,10033,NEW YORK,Street Condition
35141557,2017-01-01 00:59:47,QUEENS,11373,ELMHURST,Noise - Residential
35139377,2017-01-01 00:59:49,MANHATTAN,10039,NEW YORK,Noise - Residential
35145860,2017-01-01 01:00:17,MANHATTAN,10032,NEW YORK,Street Condition
35140113,2017-01-01 01:00:26,BROOKLYN,11206,BROOKLYN,Noise - Residential
35140147,2017-01-01 01:00:26,BROOKLYN,11211,BROOKLYN,Noise - Residential
35143074,2017-01-01 01:00:41,BROOKLYN,11233,BROOKLYN,Noise - Residential
35145153,2017-01-01 01:01:00,MANHATTAN,10032,NEW YORK,Street Condition
35141106,2017-01-01 01:01:19,MANHATTAN,10013,NEW YORK,Noise - Commercial
35137806,2017-01-01 01:01:24,MANHATTAN,10029,NEW YORK,Indoor Air Quality
35138492,2017-01-01 01:01:32,BRONX,10468,BRONX,Noise - Residential
35140148,2017-01-01 01:01:36,MANHATTAN,10002,NEW YORK,Noise - Commercial
35142593,2017-01-01 01:01:37,BROOKLYN,11225,BROOKLYN,Noise - Street/Sidewalk
35138763,2017-01-01 01:01:43,QUEENS,11378,MASPETH,Blocked Driveway
35138739,2017-01-01 01:02:00,MANHATTAN,10031,NEW YORK,Noise - Residential
35144617,2017-01-01 01:02:03,MANHATTAN,10027,NEW YORK,Street Condition
35137424,2017-01-01 01:02:48,BRONX,10469,BRONX,Noise - Residential
35138501,2017-01-01 01:02:49,MANHATTAN,10030,NEW YORK,Noise - Residential
35141031,2017-01-01 01:03:07,MANHATTAN,10027,NEW YORK,Noise - Residential
35141764,2017-01-01 01:03:20,BRONX,10461,BRONX,Blocked Driveway
35140907,2017-01-01 01:03:28,BRONX,10468,BRONX,Noise - Residential
35141898,2017-01-01 01:03:39,MANHATTAN,10002,NEW YORK,Noise - Commercial
35139383,2017-01-01 01:03:54,BRONX,10454,BRONX,Noise - Residential
35137534,2017-01-01 01:04:02,MANHATTAN,10039,NEW YORK,Noise - Residential
35138493,2017-01-01 01:04:07,BRONX,10453,BRONX,Noise - Residential
35140428,2017-01-01 01:04:41,BROOKLYN,11236,BROOKLYN,Blocked Driveway
35138291,2017-01-01 01:04:55,QUEENS,11435,JAMAICA,Noise - Residential
35138406,2017-01-01 01:05:06,QUEENS,11692,ARVERNE,Noise - Residential
35136995,2017-01-01 01:05:17,BRONX,10467,BRONX,Blocked Driveway
35143556,2017-01-01 01:05:43,MANHATTAN,10030,NEW YORK,Noise - Residential
35138497,2017-01-01 01:06:08,BROOKLYN,11229,BROOKLYN,Noise - Residential
35143993,2017-01-01 01:06:30,BROOKLYN,11225,BROOKLYN,Elevator
35143082,2017-01-01 01:06:34,QUEENS,11366,FRESH MEADOWS,Noise - Residential
35146782,2017-01-01 01:06:49,BRONX,10451,BRONX,HEAT/HOT WATER
35141010,2017-01-01 01:06:53,BROOKLYN,11203,BROOKLYN,Noise - Vehicle
35141904,2017-01-01 01:06:55,BRONX,10453,BRONX,Noise - Residential
35137454,2017-01-01 01:07:09,QUEENS,11418,RICHMOND HILL,Blocked Driveway
35137778,2017-01-01 01:07:17,BRONX,10458,BRONX,Noise - Residential
35138435,2017-01-01 01:07:28,MANHATTAN,10036,NEW YORK,Noise - Street/Sidewalk
35138744,2017-01-01 01:07:32,BRONX,10456,BRONX,Noise - Residential
35138730,2017-01-01 01:07:38,QUEENS,11368,CORONA,Noise - Residential
35143724,2017-01-01 01:07:43,QUEENS,11417,OZONE PARK,Derelict Vehicle
35146343,2017-01-01 01:07:58,BRONX,10472,BRONX,HEAT/HOT WATER
35140918,2017-01-01 01:08:00,BROOKLYN,11209,BROOKLYN,Noise - Commercial
35139854,2017-01-01 01:08:26,BRONX,10472,BRONX,Noise - Residential
35143477,2017-01-01 01:08:43,MANHATTAN,10032,NEW YORK,Noise - Residential
35137544,2017-01-01 01:08:48,BROOKLYN,11214,BROOKLYN,Noise - Residential
35137566,2017-01-01 01:08:59,MANHATTAN,10030,NEW YORK,Noise - Residential
35140197,2017-01-01 01:09:03,QUEENS,11432,JAMAICA,Noise - Residential
35139566,2017-01-01 01:09:19,QUEENS,11435,JAMAICA,Noise - Residential
35143010,2017-01-01 01:09:21,BROOKLYN,11229,BROOKLYN,Noise - Residential
35142764,2017-01-01 01:09:21,BRONX,10453,BRONX,Noise - Residential
35138434,2017-01-01 01:09:26,MANHATTAN,10040,NEW YORK,Noise - Street/Sidewalk
35137567,2017-01-01 01:10:03,BROOKLYN,11222,BROOKLYN,Noise - Residential
35137010,2017-01-01 01:10:09,BRONX,10453,BRONX,Noise - Residential
35137490,2017-01-01 01:10:30,BRONX,10463,BRONX,Noise - Residential
35145061,2017-01-01 01:10:44,MANHATTAN,10034,NEW YORK,HEAT/HOT WATER
35138405,2017-01-01 01:11:13,BRONX,10472,BRONX,Noise - Residential
35137427,2017-01-01 01:11:14,MANHATTAN,10019,NEW YORK,Noise - Commercial
35141790,2017-01-01 01:11:16,QUEENS,11385,RIDGEWOOD,Blocked Driveway
35141992,2017-01-01 01:11:25,QUEENS,11106,ASTORIA,Illegal Parking
35143703,2017-01-01 01:11:47,BRONX,10468,BRONX,Noise - Residential
35142570,2017-01-01 01:11:48,STATEN ISLAND,10314,STATEN ISLAND,Noise - Residential
35139580,2017-01-01 01:11:51,QUEENS,11415,KEW GARDENS,Noise - Residential
35139244,2017-01-01 01:11:57,QUEENS,11377,WOODSIDE,Noise - Residential
35143475,2017-01-01 01:12:00,QUEENS,11370,EAST ELMHURST,Blocked Driveway
35140210,2017-01-01 01:12:19,QUEENS,11103,ASTORIA,Noise - Residential
35142221,2017-01-01 01:12:28,BRONX,10453,BRONX,Noise - Residential
35141101,2017-01-01 01:12:30,QUEENS,11104,SUNNYSIDE,Noise - Residential
35141944,2017-01-01 01:12:34,QUEENS,11435,JAMAICA,Noise - Residential
35137568,2017-01-01 01:12:41,BRONX,10457,BRONX,Illegal Parking
35147203,2017-01-01 01:12:45,BRONX,10468,BRONX,HEAT/HOT WATER
35145380,2017-01-01 01:13:00,QUEENS,11434,Jamaica,Derelict Vehicles
35143453,2017-01-01 01:13:03,MANHATTAN,10040,NEW YORK,Noise - Street/Sidewalk
35141431,2017-01-01 01:13:05,MANHATTAN,10003,NEW YORK,Noise - Commercial
35137591,2017-01-01 01:13:17,QUEENS,11385,RIDGEWOOD,Noise - Residential
35139240,2017-01-01 01:14:07,BROOKLYN,11226,BROOKLYN,Noise - Residential
35138075,2017-01-01 01:14:30,MANHATTAN,10016,NEW YORK,Noise - Commercial
35140945,2017-01-01 01:14:37,MANHATTAN,10024,NEW YORK,Noise - Residential
35141172,2017-01-01 01:14:42,MANHATTAN,10040,NEW YORK,Noise - Street/Sidewalk
35140114,2017-01-01 01:15:16,MANHATTAN,10032,NEW YORK,Noise - Street/Sidewalk
35142828,2017-01-01 01:15:24,MANHATTAN,10025,NEW YORK,Noise - Residential
35143499,2017-01-01 01:15:33,MANHATTAN,10025,NEW YORK,Noise - Commercial
35142819,2017-01-01 01:15:39,MANHATTAN,10040,NEW YORK,Taxi Report
35143689,2017-01-01 01:16:52,STATEN ISLAND,10310,STATEN ISLAND,Blocked Driveway
35146581,2017-01-01 01:17:00,QUEENS,11426,Bellerose,Water System
35143511,2017-01-01 01:17:06,QUEENS,11355,FLUSHING,Noise - Residential
35138428,2017-01-01 01:17:17,BROOKLYN,11225,BROOKLYN,Noise - Residential
35142229,2017-01-01 01:17:22,BROOKLYN,11226,BROOKLYN,Noise - Residential
35143647,2017-01-01 01:17:33,BROOKLYN,11213,BROOKLYN,Noise - Residential
35137819,2017-01-01 01:17:47,MANHATTAN,10031,NEW YORK,Illegal Parking
35137625,2017-01-01 01:17:49,BRONX,10459,BRONX,Noise - Residential
35140211,2017-01-01 01:18:02,MANHATTAN,10019,NEW YORK,Noise - Residential
35137529,2017-01-01 01:18:41,BRONX,10467,BRONX,Noise - Residential
35140116,2017-01-01 01:18:48,BRONX,10459,BRONX,Noise - Residential
35137223,2017-01-01 01:18:57,BROOKLYN,11211,BROOKLYN,Blocked Driveway
35143673,2017-01-01 01:19:35,QUEENS,11368,CORONA,Blocked Driveway
35143591,2017-01-01 01:19:57,BRONX,10457,BRONX,Noise - Residential
35137499,2017-01-01 01:19:58,BRONX,10472,BRONX,Smoking
35140024,2017-01-01 01:20:10,BROOKLYN,11213,BROOKLYN,Noise - Residential
35140962,2017-01-01 01:20:10,BROOKLYN,11211,BROOKLYN,Noise - Commercial
35141778,2017-01-01 01:20:16,MANHATTAN,10030,NEW YORK,Noise - Residential
35140202,2017-01-01 01:20:18,MANHATTAN,10019,NEW YORK,Noise - Residential
35138323,2017-01-01 01:20:29,STATEN ISLAND,10314,STATEN ISLAND,Blocked Driveway
35139267,2017-01-01 01:20:35,QUEENS,11416,OZONE PARK,Noise - Residential
35143688,2017-01-01 01:20:36,BROOKLYN,11222,BROOKLYN,Noise - Residential
35137000,2017-01-01 01:20:49,BROOKLYN,11232,BROOKLYN,Noise - Residential
35140027,2017-01-01 01:20:54,MANHATTAN,10032,NEW YORK,Noise - Residential
35147467,2017-01-01 01:21:00,QUEENS,11436,Jamaica,Derelict Vehicles
35147670,2017-01-01 01:21:00,MANHATTAN,10025,NEW YORK,Noise
35139569,2017-01-01 01:21:06,BROOKLYN,11237,BROOKLYN,Noise - Residential
35138319,2017-01-01 01:21:36,MANHATTAN,10019,NEW YORK,Consumer Complaint
35141752,2017-01-01 01:21:55,MANHATTAN,10009,NEW YORK,Noise - Residential
35138311,2017-01-01 01:22:00,QUEENS,11104,SUNNYSIDE,Noise - Residential
35138709,2017-01-01 01:22:23,QUEENS,11370,EAST ELMHURST,Blocked Driveway
35138112,2017-01-01 01:22:34,BROOKLYN,11215,BROOKLYN,Noise - Residential
35143497,2017-01-01 01:22:42,MANHATTAN,10032,NEW YORK,Illegal Parking
35138560,2017-01-01 01:22:53,BRONX,10472,BRONX,Noise - Street/Sidewalk
35138517,2017-01-01 01:23:20,MANHATTAN,10030,NEW YORK,Noise - Residential
35140189,2017-01-01 01:23:21,MANHATTAN,10032,NEW YORK,Illegal Parking
35142815,2017-01-01 01:23:34,QUEENS,11101,LONG ISLAND CITY,Illegal Parking
35143484,2017-01-01 01:23:36,BRONX,10473,BRONX,Noise - Residential
35145968,2017-01-01 01:23:36,BRONX,10456,BRONX,WATER LEAK
35140212,2017-01-01 01:23:41,QUEENS,11102,ASTORIA,Noise - Residential
35142816,2017-01-01 01:23:52,BROOKLYN,11237,BROOKLYN,Noise - Residential
35139368,2017-01-01 01:24:08,MANHATTAN,10032,NEW YORK,Illegal Parking
35142820,2017-01-01 01:24:39,BROOKLYN,11234,BROOKLYN,Noise - Residential
35143681,2017-01-01 01:24:49,MANHATTAN,10030,NEW YORK,Noise - Residential
35136940,2017-01-01 01:25:24,MANHATTAN,10010,NEW YORK,Noise - Residential
35141718,2017-01-01 01:25:33,QUEENS,11691,FAR ROCKAWAY,Noise - Street/Sidewalk
35140190,2017-01-01 01:25:58,BROOKLYN,11212,BROOKLYN,Noise - Residential
35139423,2017-01-01 01:26:03,BRONX,10453,BRONX,Noise - Residential
35139269,2017-01-01 01:26:07,BRONX,10453,BRONX,Blocked Driveway
35137518,2017-01-01 01:26:20,MANHATTAN,10016,NEW YORK,Noise - Residential
35139369,2017-01-01 01:26:45,BROOKLYN,11218,BROOKLYN,Taxi Complaint
35141887,2017-01-01 01:27:21,MANHATTAN,10029,NEW YORK,Noise - Residential
35142610,2017-01-01 01:27:53,BRONX,10457,BRONX,Noise - Residential
35142003,2017-01-01 01:27:59,BROOKLYN,11238,BROOKLYN,Noise - Residential
35138732,2017-01-01 01:28:13,MANHATTAN,10016,NEW YORK,Noise - Commercial
35141306,2017-01-01 01:28:44,BRONX,10466,BRONX,Noise - Residential
35148047,2017-01-01 01:29:00,MANHATTAN,10036,NEW YORK,Noise
35136951,2017-01-01 01:29:09,MANHATTAN,10128,NEW YORK,Noise - Residential
35142181,2017-01-01 01:29:18,BROOKLYN,11216,BROOKLYN,Noise - Street/Sidewalk
35141080,2017-01-01 01:29:35,QUEENS,11416,OZONE PARK,Blocked Driveway
35140228,2017-01-01 01:29:43,BROOKLYN,11216,BROOKLYN,Noise - Commercial
35143303,2017-01-01 01:30:02,QUEENS,11385,RIDGEWOOD,Noise - Residential
35143674,2017-01-01 01:30:10,BROOKLYN,11237,BROOKLYN,Noise - Street/Sidewalk
35139598,2017-01-01 01:30:11,BRONX,10465,BRONX,Noise - Residential
35141329,2017-01-01 01:30:14,MANHATTAN,10032,NEW YORK,Noise - Residential
35138329,2017-01-01 01:30:35,BROOKLYN,11225,BROOKLYN,Noise - Residential
35137604,2017-01-01 01:30:41,BROOKLYN,11216,BROOKLYN,Noise - Commercial
35141007,2017-01-01 01:30:58,QUEENS,11106,ASTORIA,Noise - Commercial
35140483,2017-01-01 01:31:10,QUEENS,11692,ARVERNE,Noise - Residential
35142210,2017-01-01 01:31:43,QUEENS,11432,JAMAICA,Noise - Residential
35145113,2017-01-01 01:32:00,MANHATTAN,10012,NEW YORK,Traffic Signal Condition
35143682,2017-01-01 01:32:19,MANHATTAN,10128,NEW YORK,Noise - Commercial
35141793,2017-01-01 01:32:38,MANHATTAN,10033,NEW YORK,Noise - Residential
35139409,2017-01-01 01:32:56,QUEENS,11377,WOODSIDE,Noise - Residential
35138751,2017-01-01 01:33:17,BRONX,10467,BRONX,Noise - Residential
35138812,2017-01-01 01:33:25,STATEN ISLAND,10314,STATEN ISLAND,Derelict Vehicle
35138536,2017-01-01 01:33:33,BRONX,10472,BRONX,Noise - Residential
35138229,2017-01-01 01:33:34,BROOKLYN,11209,BROOKLYN,Noise - Residential
35143097,2017-01-01 01:33:37,QUEENS,11436,JAMAICA,Blocked Driveway
35143606,2017-01-01 01:33:54,BROOKLYN,11237,BROOKLYN,Noise - Residential
35137825,2017-01-01 01:34:16,MANHATTAN,10034,NEW YORK,Illegal Parking
35137500,2017-01-01 01:34:20,BROOKLYN,11226,BROOKLYN,Noise - Residential
35143512,2017-01-01 01:34:21,BROOKLYN,11219,BROOKLYN,Noise - Residential
35138750,2017-01-01 01:34:33,BROOKLYN,11215,BROOKLYN,Noise - Commercial
35141594,2017-01-01 01:34:36,BROOKLYN,11208,BROOKLYN,Illegal Parking
35136958,2017-01-01 01:34:51,MANHATTAN,10032,NEW YORK,Noise - Residential
35147587,2017-01-01 01:35:00,STATEN ISLAND,10314,STATEN ISLAND,Derelict Vehicles
35140182,2017-01-01 01:35:13,QUEENS,11358,FLUSHING,Noise - Residential
35139268,2017-01-01 01:35:28,QUEENS,11102,ASTORIA,Noise - Commercial
35140426,2017-01-01 01:35:39,BRONX,10467,BRONX,Noise - Residential
35138331,2017-01-01 01:35:58,BROOKLYN,11237,BROOKLYN,Noise - Residential
35141952,2017-01-01 01:36:15,BROOKLYN,11204,BROOKLYN,Illegal Parking
35142150,2017-01-01 01:36:22,MANHATTAN,10039,NEW YORK,Noise - Residential
35141023,2017-01-01 01:36:28,QUEENS,11368,CORONA,Noise - Residential
35142686,2017-01-01 01:36:47,BROOKLYN,11218,BROOKLYN,Noise - Residential
35140249,2017-01-01 01:37:02,MANHATTAN,10016,NEW YORK,Noise - Commercial
35139395,2017-01-01 01:37:16,BRONX,10467,BRONX,Noise - Residential
35137826,2017-01-01 01:37:32,MANHATTAN,10030,NEW YORK,Noise - Residential
35138764,2017-01-01 01:37:36,BROOKLYN,11215,BROOKLYN,Noise - Residential
35139367,2017-01-01 01:37:51,BRONX,10473,BRONX,Blocked Driveway
35140173,2017-01-01 01:37:54,MANHATTAN,10012,NEW YORK,Noise - Residential
35142818,2017-01-01 01:37:57,MANHATTAN,10013,NEW YORK,Noise - Residential
35138400,2017-01-01 01:38:14,MANHATTAN,10040,NEW YORK,Noise - Residential
35142957,2017-01-01 01:38:33,MANHATTAN,10040,NEW YORK,Noise - Residential
35139534,2017-01-01 01:38:43,MANHATTAN,10002,NEW YORK,Noise - Residential
35141176,2017-01-01 01:38:45,BROOKLYN,11219,BROOKLYN,Noise - Residential
35138364,2017-01-01 01:38:59,QUEENS,11103,ASTORIA,Noise - Residential
35143923,2017-01-01 01:39:01,BROOKLYN,11213,BROOKLYN,HEAT/HOT WATER
35142794,2017-01-01 01:39:04,QUEENS,11373,ELMHURST,Noise - Residential
35139218,2017-01-01 01:39:07,MANHATTAN,10032,NEW YORK,Noise - Residential
35143023,2017-01-01 01:39:41,BROOKLYN,11233,BROOKLYN,Noise - Residential
35144756,2017-01-01 01:40:00,BRONX,10463,BRONX,Noise
35147914,2017-01-01 01:40:02,MANHATTAN,10010,NEW YORK,HEAT/HOT WATER
35138531,2017-01-01 01:40:17,MANHATTAN,10040,NEW YORK,Noise - Residential
35143027,2017-01-01 01:40:19,MANHATTAN,10033,NEW YORK,Noise - Residential
35142845,2017-01-01 01:40:32,BRONX,10472,BRONX,Illegal Animal Kept as Pet
35143498,2017-01-01 01:40:40,BRONX,10468,BRONX,Noise - Residential
35143046,2017-01-01 01:40:41,QUEENS,11435,JAMAICA,Blocked Driveway
35146692,2017-01-01 01:40:44,MANHATTAN,10039,NEW YORK,HEAT/HOT WATER
35136975,2017-01-01 01:40:55,QUEENS,11432,JAMAICA,Noise - Residential
35137849,2017-01-01 01:41:11,MANHATTAN,10040,NEW YORK,Noise - Residential
35141694,2017-01-01 01:41:22,QUEENS,11106,ASTORIA,Noise - Commercial
35141088,2017-01-01 01:41:36,QUEENS,11368,CORONA,Blocked Driveway
35137593,2017-01-01 01:41:42,BRONX,10472,BRONX,Noise - Residential
35141190,2017-01-01 01:42:03,MANHATTAN,10075,NEW YORK,Noise - Commercial
35141024,2017-01-01 01:42:10,MANHATTAN,10040,NEW YORK,Noise - Residential
35137842,2017-01-01 01:42:28,BROOKLYN,11226,BROOKLYN,Noise - Residential
35139219,2017-01-01 01:42:28,BROOKLYN,11234,BROOKLYN,Blocked Driveway
35141393,2017-01-01 01:42:31,QUEENS,11374,REGO PARK,Noise - Residential
35138543,2017-01-01 01:42:49,MANHATTAN,10040,NEW YORK,Noise - Residential
35143028,2017-01-01 01:42:50,BRONX,10467,BRONX,Noise - Residential
35147888,2017-01-01 01:43:05,BRONX,10474,BRONX,HEAT/HOT WATER
35143075,2017-01-01 01:43:16,QUEENS,11373,ELMHURST,Noise - Residential
35136926,2017-01-01 01:43:31,BROOKLYN,11203,BROOKLYN,Noise - Residential
35140232,2017-01-01 01:43:32,QUEENS,11421,WOODHAVEN,Noise - Residential
35141312,2017-01-01 01:43:34,MANHATTAN,10040,NEW YORK,Noise - Street/Sidewalk
35142208,2017-01-01 01:43:38,BROOKLYN,11214,BROOKLYN,Illegal Parking
35137850,2017-01-01 01:43:44,QUEENS,11373,ELMHURST,Noise - Residential
35143500,2017-01-01 01:43:49,STATEN ISLAND,10312,STATEN ISLAND,Illegal Parking
35138502,2017-01-01 01:43:55,BROOKLYN,11210,BROOKLYN,Noise - Residential
35143615,2017-01-01 01:44:01,STATEN ISLAND,10306,STATEN ISLAND,Noise - Residential
35140269,2017-01-01 01:44:07,MANHATTAN,10032,NEW YORK,Noise - Street/Sidewalk
35136927,2017-01-01 01:44:52,QUEENS,11379,MIDDLE VILLAGE,Derelict Vehicle
35138546,2017-01-01 01:45:01,QUEENS,11421,WOODHAVEN,Noise - Residential
35142077,2017-01-01 01:45:31,BROOKLYN,11236,BROOKLYN,Blocked Driveway
35143529,2017-01-01 01:45:42,BROOKLYN,11237,BROOKLYN,Animal Abuse
35137779,2017-01-01 01:46:00,MANHATTAN,10003,NEW YORK,Taxi Complaint
35137843,2017-01-01 01:46:01,BROOKLYN,11216,BROOKLYN,Noise - Commercial
35138518,2017-01-01 01:46:01,QUEENS,11369,EAST ELMHURST,Noise - Residential
35140411,2017-01-01 01:46:14,MANHATTAN,10034,NEW YORK,Noise - Residential
35142154,2017-01-01 01:46:20,MANHATTAN,10012,NEW YORK,Noise - Residential
35138316,2017-01-01 01:46:22,BROOKLYN,11216,BROOKLYN,Noise - Commercial
35138503,2017-01-01 01:46:36,BROOKLYN,11222,BROOKLYN,Noise - Residential
35141371,2017-01-01 01:46:39,BROOKLYN,11216,BROOKLYN,Noise - Commercial
35139396,2017-01-01 01:47:00,QUEENS,11433,JAMAICA,Noise - Residential
35144266,2017-01-01 01:47:00,MANHATTAN,10025,NEW YORK,Noise
35136970,2017-01-01 01:47:25,MANHATTAN,10030,NEW YORK,Noise - Residential
35140507,2017-01-01 01:47:58,BRONX,10457,BRONX,Noise - Residential
35141181,2017-01-01 01:48:06,QUEENS,11102,ASTORIA,Noise - Residential
35138773,2017-01-01 01:48:14,MANHATTAN,10002,NEW YORK,Noise - Commercial
35138427,2017-01-01 01:48:17,MANHATTAN,10033,NEW YORK,Noise - Street/Sidewalk
35141063,2017-01-01 01:48:32,BROOKLYN,11226,BROOKLYN,Noise - Residential
35137810,2017-01-01 01:48:39,BROOKLYN,11216,BROOKLYN,Noise - Commercial
35136976,2017-01-01 01:48:40,MANHATTAN,10012,NEW YORK,Noise - Residential
35140412,2017-01-01 01:49:11,MANHATTAN,10030,NEW YORK,Noise - Residential
35143030,2017-01-01 01:49:16,BROOKLYN,11216,BROOKLYN,Noise - Street/Sidewalk
35141796,2017-01-01 01:49:21,QUEENS,11375,FOREST HILLS,Noise - Residential
35143095,2017-01-01 01:50:08,BRONX,10467,BRONX,Noise - Residential
35141351,2017-01-01 01:50:24,QUEENS,11420,SOUTH OZONE PARK,Noise - Commercial
35139625,2017-01-01 01:50:30,MANHATTAN,10040,NEW YORK,Noise - Residential
35143068,2017-01-01 01:50:36,BROOKLYN,11216,BROOKLYN,Noise - Commercial
35141932,2017-01-01 01:50:54,BRONX,10457,BRONX,Noise - Residential
35142224,2017-01-01 01:50:57,BRONX,10463,BRONX,Noise - Residential
35141417,2017-01-01 01:51:02,BROOKLYN,11206,BROOKLYN,Noise - Residential
35139589,2017-01-01 01:51:03,BROOKLYN,11216,BROOKLYN,Noise - Commercial
35140448,2017-01-01 01:51:04,QUEENS,11421,WOODHAVEN,Noise - Residential
35140520,2017-01-01 01:51:22,BRONX,10473,BRONX,Noise - Residential
35145059,2017-01-01 01:51:39,BRONX,10467,BRONX,HEAT/HOT WATER
35136977,2017-01-01 01:51:42,QUEENS,11358,FLUSHING,Noise - Residential
35139577,2017-01-01 01:51:53,BRONX,10456,BRONX,Noise - Residential
35139305,2017-01-01 01:51:54,BRONX,10474,BRONX,Noise - Residential
35141044,2017-01-01 01:52:06,BROOKLYN,11228,BROOKLYN,Illegal Parking
35141061,2017-01-01 01:52:13,BRONX,10472,BRONX,Noise - Residential
35140123,2017-01-01 01:52:13,BRONX,10463,BRONX,Noise - Residential
35137747,2017-01-01 01:52:27,BRONX,10461,BRONX,Blocked Driveway
35139540,2017-01-01 01:52:31,BRONX,10456,BRONX,Noise - Residential
35141407,2017-01-01 01:52:34,BRONX,10464,BRONX,Street Sign - Dangling
35138727,2017-01-01 01:52:37,BROOKLYN,11216,BROOKLYN,Noise - Commercial
35141941,2017-01-01 01:52:37,MANHATTAN,10016,NEW YORK,Noise - Commercial
35140170,2017-01-01 01:52:45,BROOKLYN,11236,BROOKLYN,Noise - Residential
35136935,2017-01-01 01:53:14,BROOKLYN,11216,BROOKLYN,Noise - Commercial
35138433,2017-01-01 01:53:26,QUEENS,11378,MASPETH,Blocked Driveway
35136990,2017-01-01 01:53:47,BROOKLYN,11216,BROOKLYN,Noise - Commercial
35141375,2017-01-01 01:54:15,BROOKLYN,11216,BROOKLYN,Noise - Commercial
35142110,2017-01-01 01:54:24,BROOKLYN,11216,BROOKLYN,Noise - Street/Sidewalk
35143022,2017-01-01 01:54:27,BRONX,10472,BRONX,Noise - Residential
35141160,2017-01-01 01:54:37,BROOKLYN,11201,BROOKLYN,Noise - Helicopter
35142193,2017-01-01 01:54:52,BROOKLYN,11216,BROOKLYN,Noise - Street/Sidewalk
35141403,2017-01-01 01:54:59,BROOKLYN,11222,BROOKLYN,Noise - Residential
35137885,2017-01-01 01:55:06,BRONX,10472,BRONX,Illegal Parking
35142139,2017-01-01 01:55:36,BROOKLYN,11216,BROOKLYN,Noise - Commercial
35141328,2017-01-01 01:55:37,BRONX,10454,BRONX,Noise - Residential
35146328,2017-01-01 01:55:37,BROOKLYN,11221,BROOKLYN,HEAT/HOT WATER
35137886,2017-01-01 01:55:52,QUEENS,11373,ELMHURST,Noise - Residential
35137626,2017-01-01 01:56:01,BRONX,10457,BRONX,Noise - Residential
35138783,2017-01-01 01:56:03,BROOKLYN,11216,BROOKLYN,Noise - Commercial
35142939,2017-01-01 01:56:10,BRONX,10457,BRONX,Noise - Residential
35142940,2017-01-01 01:56:14,MANHATTAN,10033,NEW YORK,Noise - Residential
35137594,2017-01-01 01:56:14,BROOKLYN,11208,BROOKLYN,Noise - Residential
35143044,2017-01-01 01:56:38,BROOKLYN,11216,BROOKLYN,Noise - Commercial
35139019,2017-01-01 01:56:39,BRONX,10462,BRONX,Noise - Residential
35138821,2017-01-01 01:57:16,BROOKLYN,11216,BROOKLYN,Noise - Commercial
35142789,2017-01-01 01:57:17,QUEENS,11368,CORONA,Noise - Residential
35142994,2017-01-01 01:57:26,BROOKLYN,11205,BROOKLYN,Noise - Residential
35140452,2017-01-01 01:57:36,QUEENS,11415,KEW GARDENS,Noise - Street/Sidewalk
35137863,2017-01-01 01:57:46,QUEENS,11420,SOUTH OZONE PARK,Noise - Residential
35137486,2017-01-01 01:57:51,BROOKLYN,11223,BROOKLYN,Noise - Street/Sidewalk
35147374,2017-01-01 01:58:09,QUEENS,11367,FLUSHING,Noise - Commercial
35141406,2017-01-01 01:58:09,QUEENS,11373,ELMHURST,Noise - Residential
35138801,2017-01-01 01:58:11,BROOKLYN,11205,BROOKLYN,Noise - Residential
35138439,2017-01-01 01:58:28,BROOKLYN,11212,BROOKLYN,Noise - Residential
35138822,2017-01-01 01:58:34,BRONX,10467,BRONX,Noise - Residential
35146127,2017-01-01 01:58:42,STATEN ISLAND,10306,STATEN ISLAND,Building/Use
35139416,2017-01-01 01:58:43,BROOKLYN,11222,BROOKLYN,Noise - Residential
35137504,2017-01-01 01:58:44,MANHATTAN,10019,NEW YORK,Noise - Residential
35137860,2017-01-01 01:58:46,STATEN ISLAND,10306,STATEN ISLAND,Noise - Residential
35141313,2017-01-01 01:58:49,BROOKLYN,11216,BROOKLYN,Noise - Commercial
35140213,2017-01-01 01:59:01,BRONX,10467,BRONX,Noise - Residential
35139642,2017-01-01 01:59:21,MANHATTAN,10002,NEW YORK,Noise - Commercial
35143507,2017-01-01 01:59:25,BRONX,10453,BRONX,Noise - Residential
35139549,2017-01-01 01:59:27,STATEN ISLAND,10303,STATEN ISLAND,Noise - Residential
35140139,2017-01-01 01:59:30,QUEENS,11373,ELMHURST,Blocked Driveway
35146687,2017-01-01 01:59:42,BROOKLYN,11226,BROOKLYN,HEAT/HOT WATER
35138802,2017-01-01 01:59:46,BROOKLYN,11216,BROOKLYN,Noise - Commercial
35143096,2017-01-01 02:00:00,MANHATTAN,10002,NEW YORK,Taxi Complaint
35140515,2017-01-01 02:00:02,BROOKLYN,11223,BROOKLYN,Noise - Residential
35140133,2017-01-01 02:00:05,BROOKLYN,11222,BROOKLYN,Noise - Residential
35142090,2017-01-01 02:00:10,BRONX,10471,BRONX,Noise - Commercial
35136999,2017-01-01 02:00:16,QUEENS,11365,FRESH MEADOWS,Blocked Driveway
35142835,2017-01-01 02:00:21,BROOKLYN,11216,BROOKLYN,Noise - Commercial
35140457,2017-01-01 02:00:33,QUEENS,11101,LONG ISLAND CITY,Noise - Residential
35137519,2017-01-01 02:00:56,BRONX,10472,BRONX,Noise - Residential
35141900,2017-01-01 02:00:58,MANHATTAN,10040,NEW YORK,Noise - Residential
35138824,2017-01-01 02:01:02,BROOKLYN,11225,BROOKLYN,Noise - Residential
35140175,2017-01-01 02:01:13,BROOKLYN,11223,BROOKLYN,Noise - Residential
35141297,2017-01-01 02:01:15,BRONX,10473,BRONX,Blocked Driveway
35137834,2017-01-01 02:01:16,MANHATTAN,10040,NEW YORK,Noise - Residential
35140482,2017-01-01 02:01:28,MANHATTAN,10013,NEW YORK,Noise - Residential
35139681,2017-01-01 02:01:36,BRONX,10458,BRONX,Noise - Residential
35137893,2017-01-01 02:01:49,QUEENS,11102,ASTORIA,Noise - Residential
35142136,2017-01-01 02:02:10,BROOKLYN,11220,BROOKLYN,Noise - Residential
35142161,2017-01-01 02:02:16,QUEENS,11419,SOUTH RICHMOND HILL,Blocked Driveway
35147754,2017-01-01 02:03:16,BRONX,10466,BRONX,HEAT/HOT WATER
35147878,2017-01-01 02:03:21,BROOKLYN,11212,BROOKLYN,HEAT/HOT WATER
35143064,2017-01-01 02:03:30,BROOKLYN,11225,BROOKLYN,Noise - Residential
35139250,2017-01-01 02:03:34,MANHATTAN,10030,NEW YORK,Noise - Residential
35143466,2017-01-01 02:03:43,MANHATTAN,10002,NEW YORK,Noise - Residential
35138795,2017-01-01 02:03:55,BRONX,10473,BRONX,Noise - Residential
35138487,2017-01-01 02:03:59,MANHATTAN,10016,NEW YORK,Noise - Commercial
35142682,2017-01-01 02:04:01,BROOKLYN,11239,BROOKLYN,Noise - Residential
35140525,2017-01-01 02:04:04,MANHATTAN,10019,NEW YORK,Noise - Commercial
35140229,2017-01-01 02:04:40,BROOKLYN,11238,BROOKLYN,Noise - Commercial
35137501,2017-01-01 02:04:56,MANHATTAN,10027,NEW YORK,Noise - Residential
35141390,2017-01-01 02:05:01,BRONX,10454,BRONX,Noise - Residential
35141862,2017-01-01 02:05:15,QUEENS,11373,ELMHURST,Noise - Street/Sidewalk
35141030,2017-01-01 02:05:25,BROOKLYN,11236,BROOKLYN,Blocked Driveway
35140527,2017-01-01 02:05:28,Unspecified,,,Noise - Commercial
35141330,2017-01-01 02:05:37,BROOKLYN,11237,BROOKLYN,Noise - Residential
35146214,2017-01-01 02:05:41,BRONX,10472,BRONX,HEAT/HOT WATER
35137011,2017-01-01 02:05:50,MANHATTAN,10016,NEW YORK,Noise - Commercial
35137624,2017-01-01 02:06:01,QUEENS,11378,MASPETH,Noise - Residential
35139607,2017-01-01 02:06:34,BROOKLYN,11216,BROOKLYN,Noise - Commercial
35143659,2017-01-01 02:06:45,QUEENS,11418,RICHMOND HILL,Noise - Residential
35137012,2017-01-01 02:07:02,MANHATTAN,10001,NEW YORK,Noise - Commercial
35139590,2017-01-01 02:07:08,MANHATTAN,10075,NEW YORK,Noise - Residential
35142743,2017-01-01 02:07:10,QUEENS,11361,BAYSIDE,Noise - Residential
35141372,2017-01-01 02:07:18,BRONX,10465,BRONX,Noise - Residential
35137835,2017-01-01 02:07:24,BROOKLYN,11216,BROOKLYN,Noise - Commercial
35142634,2017-01-01 02:07:38,QUEENS,11373,ELMHURST,Noise - Residential
35138810,2017-01-01 02:07:49,QUEENS,11361,BAYSIDE,Noise - Vehicle
35141302,2017-01-01 02:07:57,BROOKLYN,11216,BROOKLYN,Noise - Street/Sidewalk
35137880,2017-01-01 02:08:01,MANHATTAN,10002,NEW YORK,Taxi Complaint
35142091,2017-01-01 02:08:14,BROOKLYN,11205,BROOKLYN,Noise - Commercial
35141432,2017-01-01 02:08:21,QUEENS,11385,RIDGEWOOD,Noise - Residential
35140417,2017-01-01 02:09:06,BROOKLYN,11216,BROOKLYN,Noise - Street/Sidewalk
35141296,2017-01-01 02:09:29,BRONX,10465,BRONX,Noise - Residential
35138403,2017-01-01 02:09:30,BROOKLYN,11230,BROOKLYN,Noise - Residential
35137824,2017-01-01 02:09:40,BROOKLYN,11216,BROOKLYN,Noise - Street/Sidewalk
35142244,2017-01-01 02:09:41,MANHATTAN,10036,NEW YORK,Noise - Residential
35140528,2017-01-01 02:09:58,BROOKLYN,11211,BROOKLYN,Illegal Parking
35138488,2017-01-01 02:10:05,BROOKLYN,11223,BROOKLYN,Noise - Commercial
35139576,2017-01-01 02:10:14,BROOKLYN,11206,BROOKLYN,Noise - Commercial
35141956,2017-01-01 02:10:27,MANHATTAN,10034,NEW YORK,Taxi Complaint
35139665,2017-01-01 02:10:28,QUEENS,11422,ROSEDALE,Noise - House of Worship
35139597,2017-01-01 02:10:31,BROOKLYN,11216,BROOKLYN,Noise - Commercial
35137018,2017-01-01 02:10:45,BROOKLYN,11238,BROOKLYN,Noise - Residential
35141133,2017-01-01 02:10:50,MANHATTAN,10029,NEW YORK,Noise - Residential
35139563,2017-01-01 02:11:00,BROOKLYN,11216,BROOKLYN,Noise - Street/Sidewalk
35144501,2017-01-01 02:11:09,BROOKLYN,11207,BROOKLYN,HEAT/HOT WATER
35146480,2017-01-01 02:11:10,BROOKLYN,11207,BROOKLYN,SAFETY
35146665,2017-01-01 02:11:10,BROOKLYN,11207,BROOKLYN,ELECTRIC
35145922,2017-01-01 02:11:10,BROOKLYN,11207,BROOKLYN,SAFETY
35145012,2017-01-01 02:11:10,BROOKLYN,11207,BROOKLYN,ELECTRIC
35139627,2017-01-01 02:11:34,QUEENS,11416,OZONE PARK,Noise - Residential
35137894,2017-01-01 02:11:43,BROOKLYN,11225,BROOKLYN,Noise - Residential
35139202,2017-01-01 02:11:45,BRONX,10472,BRONX,Noise - Residential
35140049,2017-01-01 02:12:05,BRONX,10465,BRONX,Noise - Residential
35141382,2017-01-01 02:12:06,QUEENS,11421,WOODHAVEN,Blocked Driveway
35140731,2017-01-01 02:12:10,MANHATTAN,10075,NEW YORK,Noise - Commercial
35140176,2017-01-01 02:12:22,BROOKLYN,11223,BROOKLYN,Smoking
35147276,2017-01-01 02:12:22,BRONX,10461,BRONX,HEAT/HOT WATER
35141419,2017-01-01 02:12:34,QUEENS,11358,FLUSHING,Noise - Residential
35143675,2017-01-01 02:12:48,BROOKLYN,11209,BROOKLYN,Noise - Residential
35137881,2017-01-01 02:13:22,MANHATTAN,10128,NEW YORK,Noise - Residential
35137019,2017-01-01 02:13:37,MANHATTAN,10036,NEW YORK,Noise - Residential
35142776,2017-01-01 02:13:50,MANHATTAN,10014,NEW YORK,Noise - Commercial
35139582,2017-01-01 02:13:50,BROOKLYN,11238,BROOKLYN,Noise - Residential
35137895,2017-01-01 02:13:58,MANHATTAN,10035,NEW YORK,Noise - Residential
35147606,2017-01-01 02:14:38,BROOKLYN,11221,BROOKLYN,Noise - Residential
35146530,2017-01-01 02:15:04,BROOKLYN,11223,BROOKLYN,Noise - Residential
35145085,2017-01-01 02:15:27,BRONX,10472,BRONX,HEAT/HOT WATER
35147886,2017-01-01 02:15:39,BRONX,10452,BRONX,HEAT/HOT WATER
35148198,2017-01-01 02:15:48,MANHATTAN,10011,NEW YORK,Noise - Residential
35147397,2017-01-01 02:15:50,QUEENS,11373,ELMHURST,Noise - Residential
35144511,2017-01-01 02:15:52,BROOKLYN,11235,BROOKLYN,HEAT/HOT WATER
35145728,2017-01-01 02:15:57,BROOKLYN,11216,BROOKLYN,Noise - Commercial
35147131,2017-01-01 02:16:22,BRONX,10468,BRONX,Noise - Residential
35144078,2017-01-01 02:16:27,QUEENS,11105,ASTORIA,Noise - Commercial
35148079,2017-01-01 02:16:28,BROOKLYN,11216,BROOKLYN,Noise - Street/Sidewalk
35147669,2017-01-01 02:16:38,BROOKLYN,11234,BROOKLYN,Noise - Residential
35148183,2017-01-01 02:16:42,BROOKLYN,11229,BROOKLYN,Illegal Parking
35145502,2017-01-01 02:16:48,BRONX,10453,BRONX,Noise - Residential
35147088,2017-01-01 02:16:54,BROOKLYN,11222,BROOKLYN,Noise - Residential
35147561,2017-01-01 02:16:55,QUEENS,11370,EAST ELMHURST,Noise - Residential
35144084,2017-01-01 02:16:56,BROOKLYN,11216,BROOKLYN,Noise - Commercial
35144560,2017-01-01 02:16:59,BRONX,10468,BRONX,HEAT/HOT WATER
35147009,2017-01-01 02:17:05,MANHATTAN,10002,NEW YORK,Noise - Residential
35147515,2017-01-01 02:17:11,BROOKLYN,11213,BROOKLYN,HEAT/HOT WATER
35146015,2017-01-01 02:17:16,QUEENS,11372,JACKSON HEIGHTS,Noise - Residential
35145462,2017-01-01 02:17:29,BROOKLYN,11204,BROOKLYN,Illegal Parking
35147836,2017-01-01 02:17:33,BROOKLYN,11249,BROOKLYN,Noise - Commercial
35145481,2017-01-01 02:17:41,BRONX,10467,BRONX,Noise - Residential
35146982,2017-01-01 02:17:58,MANHATTAN,10040,NEW YORK,Noise - Street/Sidewalk
35146442,2017-01-01 02:17:58,BROOKLYN,11216,BROOKLYN,Noise - Commercial
35147739,2017-01-01 02:18:06,BROOKLYN,11213,BROOKLYN,Food Establishment
35144452,2017-01-01 02:18:13,BRONX,10453,BRONX,APPLIANCE
35144475,2017-01-01 02:18:13,BRONX,10453,BRONX,GENERAL
35145554,2017-01-01 02:18:13,BRONX,10453,BRONX,FLOORING/STAIRS
35147217,2017-01-01 02:18:13,BRONX,10453,BRONX,GENERAL
35148134,2017-01-01 02:18:13,BRONX,10453,BRONX,UNSANITARY CONDITION
35146386,2017-01-01 02:18:13,BRONX,10453,BRONX,PAINT/PLASTER
35144867,2017-01-01 02:18:47,BROOKLYN,11206,BROOKLYN,Noise - Residential
35145273,2017-01-01 02:18:59,BROOKLYN,11229,BROOKLYN,Noise - Residential
35145863,2017-01-01 02:18:59,STATEN ISLAND,10310,STATEN ISLAND,Noise - Residential
35147108,2017-01-01 02:19:23,QUEENS,11435,JAMAICA,Illegal Parking
35144082,2017-01-01 02:19:58,BROOKLYN,11234,BROOKLYN,Noise - Commercial
35146798,2017-01-01 02:20:00,BROOKLYN,11222,BROOKLYN,Noise - Residential
35148208,2017-01-01 02:20:17,QUEENS,11372,JACKSON HEIGHTS,Noise - Residential
35145025,2017-01-01 02:20:20,BROOKLYN,11231,BROOKLYN,HEAT/HOT WATER
35146307,2017-01-01 02:20:28,QUEENS,11105,ASTORIA,Noise - Commercial
35147107,2017-01-01 02:20:29,MANHATTAN,10031,NEW YORK,Noise - Residential
35144565,2017-01-01 02:20:29,BROOKLYN,11214,BROOKLYN,HEAT/HOT WATER
35144344,2017-01-01 02:20:31,BROOKLYN,11214,BROOKLYN,Noise - Residential
35145818,2017-01-01 02:20:38,BRONX,10468,BRONX,HEAT/HOT WATER
35144391,2017-01-01 02:20:58,BROOKLYN,11207,BROOKLYN,General Construction/Plumbing
35148179,2017-01-01 02:21:03,QUEENS,11416,OZONE PARK,Illegal Parking
35144924,2017-01-01 02:21:04,BROOKLYN,11203,BROOKLYN,Noise - Residential
35147328,2017-01-01 02:21:08,BROOKLYN,11217,BROOKLYN,Noise - Residential
35148032,2017-01-01 02:21:20,BRONX,10458,BRONX,Noise - Residential
35146457,2017-01-01 02:21:25,BRONX,10472,BRONX,Noise - Residential
35146848,2017-01-01 02:21:37,MANHATTAN,10040,NEW YORK,Noise - Street/Sidewalk
35146316,2017-01-01 02:22:00,BRONX,10460,BRONX,Noise - Residential
35145701,2017-01-01 02:22:24,QUEENS,11369,EAST ELMHURST,Blocked Driveway
35145431,2017-01-01 02:22:31,QUEENS,11102,ASTORIA,Noise - Residential
35144083,2017-01-01 02:22:53,BROOKLYN,11249,BROOKLYN,Noise - Commercial
35146071,2017-01-01 02:23:03,BRONX,10463,BRONX,Noise - Residential
35144162,2017-01-01 02:23:23,MANHATTAN,10032,NEW YORK,Noise - Residential
35148133,2017-01-01 02:23:25,QUEENS,11416,OZONE PARK,Illegal Parking
35145425,2017-01-01 02:23:48,MANHATTAN,10012,NEW YORK,Noise - Residential
35147106,2017-01-01 02:23:52,BROOKLYN,11214,BROOKLYN,Noise - Residential
35146070,2017-01-01 02:24:14,MANHATTAN,10033,NEW YORK,Noise - Residential
35144767,2017-01-01 02:24:32,BRONX,10467,BRONX,Noise - Residential
35145480,2017-01-01 02:24:44,QUEENS,11355,FLUSHING,Noise - Residential
35146069,2017-01-01 02:25:13,BRONX,10465,BRONX,Noise - Residential
35146482,2017-01-01 02:25:16,MANHATTAN,10034,NEW YORK,Noise - Vehicle
35145503,2017-01-01 02:25:19,BROOKLYN,11205,BROOKLYN,Noise - Residential
35146575,2017-01-01 02:25:19,BRONX,10467,BRONX,Noise - Residential
35144384,2017-01-01 02:25:26,BRONX,10457,BRONX,Noise - Residential
35144209,2017-01-01 02:25:43,QUEENS,11379,MIDDLE VILLAGE,Noise - Street/Sidewalk
35145909,2017-01-01 02:25:46,BROOKLYN,11249,BROOKLYN,Noise - Street/Sidewalk
35145478,2017-01-01 02:25:48,QUEENS,11355,FLUSHING,Noise - Residential
35142875,2017-01-01 02:25:54,QUEENS,11434,Jamaica,Street Condition
35145219,2017-01-01 02:25:55,MANHATTAN,10001,NEW YORK,Noise - Residential
35144726,2017-01-01 02:26:03,BROOKLYN,11216,BROOKLYN,Noise - Commercial
35144117,2017-01-01 02:26:11,BROOKLYN,11205,BROOKLYN,Noise - Commercial
35147345,2017-01-01 02:26:26,BROOKLYN,11226,BROOKLYN,HEAT/HOT WATER
35147863,2017-01-01 02:26:53,BRONX,10455,BRONX,Noise - Residential
35146895,2017-01-01 02:26:55,BROOKLYN,11211,BROOKLYN,Noise - Street/Sidewalk
35144161,2017-01-01 02:27:02,QUEENS,11434,JAMAICA,Noise - Residential
35145939,2017-01-01 02:27:08,BRONX,10461,BRONX,Noise - Residential
35145420,2017-01-01 02:27:22,MANHATTAN,10033,NEW YORK,Noise - Residential
35148129,2017-01-01 02:27:24,BROOKLYN,11217,BROOKLYN,Noise - Residential
35147726,2017-01-01 02:27:31,BROOKLYN,11207,BROOKLYN,FLOORING/STAIRS
35146888,2017-01-01 02:27:40,MANHATTAN,10065,NEW YORK,Noise - Residential
35144790,2017-01-01 02:28:01,BROOKLYN,11220,BROOKLYN,Noise - Residential
35147086,2017-01-01 02:28:12,MANHATTAN,10025,NEW YORK,Noise - Residential
35146018,2017-01-01 02:28:16,BROOKLYN,11215,BROOKLYN,Noise - Residential
35145071,2017-01-01 02:28:33,BRONX,10451,BRONX,Blocked Driveway
35148119,2017-01-01 02:28:46,BRONX,10463,BRONX,Noise - Residential
35144339,2017-01-01 02:29:01,MANHATTAN,10031,NEW YORK,Noise - Residential
35148211,2017-01-01 02:29:05,BRONX,10456,BRONX,Noise - Residential
35146281,2017-01-01 02:29:12,BROOKLYN,11236,BROOKLYN,Blocked Driveway
35146089,2017-01-01 02:29:13,BROOKLYN,11208,BROOKLYN,Noise - Residential
35144913,2017-01-01 02:29:22,BRONX,10456,BRONX,Noise - Residential
35144295,2017-01-01 02:29:27,BRONX,10473,BRONX,Noise - Residential
35144187,2017-01-01 02:29:44,BROOKLYN,11232,BROOKLYN,Noise - Residential
35144581,2017-01-01 02:30:21,BROOKLYN,11229,BROOKLYN,HEAT/HOT WATER
35147127,2017-01-01 02:31:10,BRONX,10465,BRONX,Noise - Residential
35147595,2017-01-01 02:31:31,BROOKLYN,11226,BROOKLYN,UNSANITARY CONDITION
35148112,2017-01-01 02:31:31,BROOKLYN,11226,BROOKLYN,UNSANITARY CONDITION
35148130,2017-01-01 02:31:31,BROOKLYN,11226,BROOKLYN,UNSANITARY CONDITION
35145383,2017-01-01 02:31:31,BROOKLYN,11226,BROOKLYN,UNSANITARY CONDITION
35144193,2017-01-01 02:31:42,MANHATTAN,10033,NEW YORK,Noise - Residential
35147008,2017-01-01 02:32:11,QUEENS,11368,CORONA,Noise - Residential
35145507,2017-01-01 02:32:51,QUEENS,11370,EAST ELMHURST,Noise - Residential
35145347,2017-01-01 02:32:53,BRONX,10473,BRONX,Noise - Vehicle
35144558,2017-01-01 02:33:11,BRONX,10467,BRONX,Blocked Driveway
35144628,2017-01-01 02:33:11,QUEENS,11104,SUNNYSIDE,Noise - Residential
35144325,2017-01-01 02:33:19,BRONX,10456,BRONX,Noise - Residential
35147105,2017-01-01 02:33:25,BROOKLYN,11224,BROOKLYN,Noise - Residential
35145417,2017-01-01 02:33:29,BROOKLYN,11226,BROOKLYN,Noise - Residential
35148077,2017-01-01 02:33:30,MANHATTAN,10002,NEW YORK,Noise - Street/Sidewalk
35146907,2017-01-01 02:34:16,BROOKLYN,11234,BROOKLYN,Blocked Driveway
35146994,2017-01-01 02:34:24,MANHATTAN,10014,NEW YORK,Noise - Commercial
35146176,2017-01-01 02:34:25,BROOKLYN,11226,BROOKLYN,HEAT/HOT WATER
35144934,2017-01-01 02:34:28,BROOKLYN,11238,BROOKLYN,Noise - Residential
35145693,2017-01-01 02:34:39,BROOKLYN,11235,BROOKLYN,Blocked Driveway
35145340,2017-01-01 02:35:09,BROOKLYN,11216,BROOKLYN,Noise - Street/Sidewalk
35147446,2017-01-01 02:35:21,BRONX,10467,BRONX,HEAT/HOT WATER
35147361,2017-01-01 02:35:23,QUEENS,11365,FRESH MEADOWS,Blocked Driveway
35147681,2017-01-01 02:35:28,BROOKLYN,11221,BROOKLYN,Noise - Residential
35146044,2017-01-01 02:35:43,BROOKLYN,11220,BROOKLYN,Noise - Residential
35144912,2017-01-01 02:35:50,BRONX,10467,BRONX,Noise - Residential
35144374,2017-01-01 02:35:55,BRONX,10467,BRONX,Noise - Residential
35146178,2017-01-01 02:36:01,MANHATTAN,10025,NEW YORK,HEAT/HOT WATER
35147110,2017-01-01 02:36:15,BRONX,10453,BRONX,Noise - Residential
35146553,2017-01-01 02:36:23,BROOKLYN,11215,BROOKLYN,Taxi Complaint
35146993,2017-01-01 02:36:28,BROOKLYN,11249,BROOKLYN,Noise - Commercial
35145193,2017-01-01 02:36:31,MANHATTAN,10012,NEW YORK,Food Establishment
35147682,2017-01-01 02:36:53,BROOKLYN,11230,BROOKLYN,Noise - Residential
35145496,2017-01-01 02:36:56,MANHATTAN,10017,NEW YORK,Taxi Complaint
35147085,2017-01-01 02:37:28,MANHATTAN,10025,NEW YORK,Noise - Residential
35145572,2017-01-01 02:37:28,MANHATTAN,10024,NEW YORK,Taxi Report
35144156,2017-01-01 02:37:31,BROOKLYN,11213,BROOKLYN,Noise - Residential
35146546,2017-01-01 02:37:36,BROOKLYN,11205,BROOKLYN,Noise - Residential
35147677,2017-01-01 02:37:38,MANHATTAN,10031,NEW YORK,Noise - Residential
35144627,2017-01-01 02:37:56,QUEENS,11104,SUNNYSIDE,Noise - Residential
35147130,2017-01-01 02:38:02,MANHATTAN,10034,NEW YORK,Noise - Residential
35144309,2017-01-01 02:38:04,BROOKLYN,11222,BROOKLYN,Illegal Parking
35146046,2017-01-01 02:38:12,QUEENS,11368,CORONA,Noise - Residential
35146313,2017-01-01 02:38:17,BROOKLYN,11226,BROOKLYN,Noise - Residential
35148164,2017-01-01 02:38:18,BROOKLYN,11211,BROOKLYN,Noise - Residential
35147922,2017-01-01 02:39:08,MANHATTAN,10002,NEW YORK,Noise - Residential
35145839,2017-01-01 02:39:33,QUEENS,11411,CAMBRIA HEIGHTS,Noise - Commercial
35144939,2017-01-01 02:39:44,BROOKLYN,11221,BROOKLYN,Noise - Residential
35145319,2017-01-01 02:39:52,QUEENS,11369,EAST ELMHURST,Noise - Residential
35147600,2017-01-01 02:39:52,MANHATTAN,10031,NEW YORK,Noise - Residential
35144908,2017-01-01 02:39:53,BRONX,10452,BRONX,Noise - Residential
35148138,2017-01-01 02:39:53,BROOKLYN,11210,BROOKLYN,Noise - Residential
35146521,2017-01-01 02:40:57,MANHATTAN,10027,NEW YORK,Noise - Residential
35145908,2017-01-01 02:41:06,BRONX,10468,BRONX,Noise - Street/Sidewalk
35147573,2017-01-01 02:41:12,BROOKLYN,11211,BROOKLYN,Noise - Street/Sidewalk
35145272,2017-01-01 02:41:29,QUEENS,11354,FLUSHING,Noise - Residential
35146352,2017-01-01 02:41:47,BRONX,10472,BRONX,HEAT/HOT WATER
35148024,2017-01-01 02:42:20,BROOKLYN,11215,BROOKLYN,Noise - Commercial
35147554,2017-01-01 02:42:35,BROOKLYN,11226,BROOKLYN,Noise - Residential
35144727,2017-01-01 02:42:58,BROOKLYN,11215,BROOKLYN,Noise - Commercial
35144629,2017-01-01 02:43:10,MANHATTAN,10038,NEW YORK,Noise - Residential
35147003,2017-01-01 02:43:16,BRONX,10456,BRONX,Noise - Residential
35146825,2017-01-01 02:43:17,STATEN ISLAND,10306,STATEN ISLAND,Noise - Residential
35146766,2017-01-01 02:43:21,BROOKLYN,11226,BROOKLYN,HEAT/HOT WATER
35145387,2017-01-01 02:43:31,BROOKLYN,11233,BROOKLYN,Illegal Parking
35144198,2017-01-01 02:43:31,QUEENS,11434,JAMAICA,Noise - Residential
35144947,2017-01-01 02:43:34,BROOKLYN,11229,BROOKLYN,Noise - Residential
35145725,2017-01-01 02:43:38,QUEENS,11106,ASTORIA,Noise - Commercial
35146539,2017-01-01 02:43:48,BRONX,10468,BRONX,Noise - Residential
35147070,2017-01-01 02:43:52,MANHATTAN,10033,NEW YORK,Noise - Residential
35144310,2017-01-01 02:44:04,BROOKLYN,11222,BROOKLYN,Illegal Parking
35147100,2017-01-01 02:44:11,BROOKLYN,11221,BROOKLYN,Noise - Residential
35146689,2017-01-01 02:44:15,MANHATTAN,10025,NEW YORK,HEAT/HOT WATER
35146864,2017-01-01 02:44:33,BRONX,10462,BRONX,Noise - Residential
35144337,2017-01-01 02:44:53,QUEENS,11385,RIDGEWOOD,Noise - Residential
35145781,2017-01-01 02:45:09,QUEENS,11355,FLUSHING,Noise - Residential
35146310,2017-01-01 02:45:10,QUEENS,11370,EAST ELMHURST,Noise - Residential
35145105,2017-01-01 02:45:24,BRONX,10467,BRONX,HEAT/HOT WATER
35147435,2017-01-01 02:45:45,BRONX,10468,BRONX,Noise - Vehicle
35146926,2017-01-01 02:45:46,BROOKLYN,11232,BROOKLYN,Noise - Commercial
35145477,2017-01-01 02:46:05,QUEENS,11368,CORONA,Noise - Residential
35145148,2017-01-01 02:46:33,BRONX,10453,BRONX,Blocked Driveway
35144762,2017-01-01 02:46:34,QUEENS,11368,CORONA,Noise - Residential
35145916,2017-01-01 02:46:49,MANHATTAN,10002,NEW YORK,Noise - Commercial
35146577,2017-01-01 02:46:54,MANHATTAN,10032,NEW YORK,Noise - Residential
35146535,2017-01-01 02:47:08,BROOKLYN,11204,BROOKLYN,Illegal Parking
35143920,2017-01-01 02:47:11,MANHATTAN,10031,NEW YORK,HEAT/HOT WATER
35145500,2017-01-01 02:47:24,QUEENS,11417,OZONE PARK,Noise - Residential
35145504,2017-01-01 02:47:40,MANHATTAN,10031,NEW YORK,Noise - Residential
35145389,2017-01-01 02:47:41,BRONX,10468,BRONX,Illegal Parking
35145501,2017-01-01 02:47:47,MANHATTAN,10013,NEW YORK,Noise - Residential
35147547,2017-01-01 02:47:51,BROOKLYN,11207,BROOKLYN,Noise - Residential
35146562,2017-01-01 02:48:07,BROOKLYN,11215,BROOKLYN,Noise - Residential
35146839,2017-01-01 02:48:15,QUEENS,11418,RICHMOND HILL,Noise - Residential
35146323,2017-01-01 02:48:28,BRONX,10457,BRONX,Noise - Residential
35144931,2017-01-01 02:48:32,MANHATTAN,10024,NEW YORK,Noise - Residential
35147624,2017-01-01 02:49:20,BRONX,10472,BRONX,Drug Activity
35146560,2017-01-01 02:49:27,QUEENS,11368,CORONA,Noise - Residential
35144383,2017-01-01 02:49:29,QUEENS,11385,RIDGEWOOD,Noise - Residential
35147062,2017-01-01 02:49:41,MANHATTAN,10025,NEW YORK,Noise - Residential
35145214,2017-01-01 02:49:43,BROOKLYN,11235,BROOKLYN,Noise - Commercial
35144632,2017-01-01 02:49:51,QUEENS,11368,CORONA,Blocked Driveway
35146455,2017-01-01 02:49:54,BRONX,10455,BRONX,Noise - Residential
35147843,2017-01-01 02:49:59,MANHATTAN,10010,NEW YORK,Noise - Residential
35145280,2017-01-01 02:49:59,MANHATTAN,10036,NEW YORK,Taxi Report
35146050,2017-01-01 02:50:27,BRONX,10459,BRONX,Noise - Residential
35147115,2017-01-01 02:50:43,BRONX,10468,BRONX,Illegal Parking
35148207,2017-01-01 02:50:55,BROOKLYN,11222,BROOKLYN,Noise - Residential
35146814,2017-01-01 02:51:06,BROOKLYN,11203,BROOKLYN,Blocked Driveway
35144033,2017-01-01 02:51:33,BROOKLYN,11207,BROOKLYN,Noise - Commercial
35144320,2017-01-01 02:51:40,MANHATTAN,10003,NEW YORK,Noise - Commercial
35147998,2017-01-01 02:51:46,MANHATTAN,10002,NEW YORK,Noise - Commercial
35145348,2017-01-01 02:51:59,BROOKLYN,11212,BROOKLYN,Noise - Vehicle
35144009,2017-01-01 02:52:07,BROOKLYN,11208,BROOKLYN,Blocked Driveway
35144935,2017-01-01 02:52:07,BROOKLYN,11223,BROOKLYN,Noise - Residential
35147912,2017-01-01 02:52:24,BRONX,10472,BRONX,HEAT/HOT WATER
35145330,2017-01-01 02:52:58,QUEENS,11419,SOUTH RICHMOND HILL,Noise - Residential
35145418,2017-01-01 02:52:59,BRONX,10458,BRONX,Noise - Residential
35144157,2017-01-01 02:53:08,MANHATTAN,10031,NEW YORK,Noise - Commercial
35148050,2017-01-01 02:53:25,QUEENS,11368,CORONA,Noise - Residential
35146556,2017-01-01 02:53:34,MANHATTAN,10032,NEW YORK,Noise - Residential
35148217,2017-01-01 02:53:44,BROOKLYN,11220,BROOKLYN,Noise - Residential
35144489,2017-01-01 02:53:48,BROOKLYN,11226,BROOKLYN,HEAT/HOT WATER
35145320,2017-01-01 02:54:14,BROOKLYN,11221,BROOKLYN,Noise - Residential
35144578,2017-01-01 02:54:22,MANHATTAN,10030,NEW YORK,Noise - Residential
35147893,2017-01-01 02:54:26,BROOKLYN,11216,BROOKLYN,Noise - Commercial
35144713,2017-01-01 02:54:28,BRONX,10468,BRONX,Noise - Residential
35144943,2017-01-01 02:54:29,QUEENS,11355,FLUSHING,Noise - Residential
35144907,2017-01-01 02:54:42,BRONX,10452,BRONX,Noise - Residential
35145306,2017-01-01 02:54:57,BRONX,10456,BRONX,Noise - Residential
35147156,2017-01-01 02:55:26,BRONX,10472,BRONX,Illegal Animal Kept as Pet
35148075,2017-01-01 02:56:06,BRONX,10456,BRONX,Noise - Residential
35144203,2017-01-01 02:56:18,BROOKLYN,11224,BROOKLYN,Noise - Street/Sidewalk
35145294,2017-01-01 02:56:46,QUEENS,11101,LONG ISLAND CITY,Noise - Residential
35144876,2017-01-01 02:57:00,QUEENS,11372,JACKSON HEIGHTS,Noise - Residential
35146079,2017-01-01 02:57:42,BROOKLYN,11206,BROOKLYN,Illegal Parking
35145209,2017-01-01 02:58:23,MANHATTAN,10003,NEW YORK,Noise - Commercial
35146012,2017-01-01 02:58:31,QUEENS,11102,ASTORIA,Noise - Residential
35148206,2017-01-01 02:58:38,BRONX,10467,BRONX,Noise - Residential
35147935,2017-01-01 02:58:40,QUEENS,11420,SOUTH OZONE PARK,Noise - Residential
35146072,2017-01-01 02:58:45,BRONX,10473,BRONX,Noise - Residential
35144707,2017-01-01 02:59:03,MANHATTAN,10032,NEW YORK,Noise - Residential
35147520,2017-01-01 02:59:41,QUEENS,11101,LONG ISLAND CITY,Noise - Residential
35145476,2017-01-01 02:59:44,BRONX,10458,BRONX,Noise - Residential
35146062,2017-01-01 02:59:48,BRONX,10467,BRONX,Noise - Residential
35147215,2017-01-01 03:00:14,QUEENS,11368,Corona,HEAT/HOT WATER
35144389,2017-01-01 03:00:23,BRONX,10472,BRONX,Illegal Animal Kept as Pet
35144292,2017-01-01 03:00:29,BROOKLYN,11237,BROOKLYN,Noise - Residential
35146727,2017-01-01 03:00:35,BROOKLYN,11221,BROOKLYN,Blocked Driveway
35145044,2017-01-01 03:00:48,BROOKLYN,11207,BROOKLYN,HEAT/HOT WATER
35147080,2017-01-01 03:00:53,BRONX,10458,BRONX,Noise - Residential
35146878,2017-01-01 03:00:55,QUEENS,11101,LONG ISLAND CITY,Noise - Residential
35147337,2017-01-01 03:01:07,MANHATTAN,10023,NEW YORK,Noise - Residential
35147519,2017-01-01 03:01:16,BROOKLYN,11221,BROOKLYN,Noise - Residential
35147079,2017-01-01 03:01:24,MANHATTAN,10065,NEW YORK,Noise - Residential
35147685,2017-01-01 03:01:44,BROOKLYN,11211,BROOKLYN,Noise - Residential
35146971,2017-01-01 03:01:48,BROOKLYN,11208,BROOKLYN,Noise - Residential
35145742,2017-01-01 03:03:00,QUEENS,11691,Far Rockaway,HEAT/HOT WATER
35144335,2017-01-01 03:03:09,BROOKLYN,11213,BROOKLYN,Noise - Residential
35147489,2017-01-01 03:03:10,MANHATTAN,10034,NEW YORK,Noise - Residential
35145931,2017-01-01 03:03:49,MANHATTAN,10154,NEW YORK,Homeless Person Assistance
35146794,2017-01-01 03:04:06,BROOKLYN,11208,BROOKLYN,HEAT/HOT WATER
35145412,2017-01-01 03:04:13,BRONX,10463,BRONX,Noise - Residential
35144938,2017-01-01 03:04:18,MANHATTAN,10023,NEW YORK,Noise - Residential
35144388,2017-01-01 03:04:19,BRONX,10472,BRONX,Illegal Animal Kept as Pet
35144585,2017-01-01 03:04:20,STATEN ISLAND,10301,STATEN ISLAND,Noise - Residential
35144296,2017-01-01 03:04:33,MANHATTAN,10032,NEW YORK,Noise - Residential
35147667,2017-01-01 03:04:42,BROOKLYN,11233,BROOKLYN,Noise - Residential
35146394,2017-01-01 03:04:55,BRONX,10468,BRONX,Noise - Residential
35146548,2017-01-01 03:05:20,QUEENS,11367,FLUSHING,Noise - Vehicle
35147419,2017-01-01 03:05:21,QUEENS,11377,WOODSIDE,Blocked Driveway
35145655,2017-01-01 03:05:35,BROOKLYN,11208,BROOKLYN,HEAT/HOT WATER
35147874,2017-01-01 03:05:46,BRONX,10465,BRONX,Noise - Residential
35148059,2017-01-01 03:05:50,BRONX,10468,BRONX,Noise - Residential
35145169,2017-01-01 03:05:53,QUEENS,11415,KEW GARDENS,Noise - Residential
35144308,2017-01-01 03:05:59,QUEENS,11373,ELMHURST,Illegal Parking
35146810,2017-01-01 03:06:00,MANHATTAN,10004,NEW YORK,Traffic Signal Condition
35148122,2017-01-01 03:06:12,MANHATTAN,10030,NEW YORK,Noise - Residential
35146925,2017-01-01 03:06:28,BROOKLYN,11232,BROOKLYN,Noise - Commercial
35146719,2017-01-01 03:06:40,QUEENS,11365,FRESH MEADOWS,Blocked Driveway
35145134,2017-01-01 03:07:00,BROOKLYN,11236,BROOKLYN,Blocked Driveway
35145511,2017-01-01 03:07:19,MANHATTAN,10033,NEW YORK,Noise - Residential
35144766,2017-01-01 03:07:32,BRONX,10452,BRONX,Noise - Residential
35147478,2017-01-01 03:07:41,QUEENS,11106,ASTORIA,Noise - Residential
35148159,2017-01-01 03:07:46,BRONX,10458,BRONX,Noise - Residential
35145940,2017-01-01 03:07:49,BROOKLYN,11208,BROOKLYN,Noise - Residential
35146736,2017-01-01 03:08:32,BRONX,10463,BRONX,Blocked Driveway
35144697,2017-01-01 03:08:52,MANHATTAN,10025,NEW YORK,Noise - Residential
35144073,2017-01-01 03:09:22,BRONX,10468,BRONX,Noise - Residential
35146359,2017-01-01 03:10:05,QUEENS,11433,JAMAICA,Noise - Residential
35144855,2017-01-01 03:10:23,QUEENS,11420,SOUTH OZONE PARK,Noise - Residential
35148209,2017-01-01 03:10:46,MANHATTAN,10029,NEW YORK,Noise - Residential
35145230,2017-01-01 03:10:50,MANHATTAN,10027,NEW YORK,Noise - Residential
35146049,2017-01-01 03:10:51,BRONX,10463,BRONX,Noise - Residential
35145692,2017-01-01 03:11:18,QUEENS,11416,OZONE PARK,Blocked Driveway
35144551,2017-01-01 03:11:20,BRONX,10466,BRONX,Blocked Driveway
35148202,2017-01-01 03:11:23,MANHATTAN,10033,NEW YORK,Noise - Residential
35145659,2017-01-01 03:11:53,BROOKLYN,11206,BROOKLYN,HEAT/HOT WATER
35148057,2017-01-01 03:11:57,QUEENS,11368,CORONA,Noise - Residential
35144362,2017-01-01 03:12:19,MANHATTAN,10463,NEW YORK,Noise - Residential
35144921,2017-01-01 03:12:53,BROOKLYN,11225,BROOKLYN,Noise - Residential
35145482,2017-01-01 03:13:02,BROOKLYN,11209,BROOKLYN,Noise - Residential
35147442,2017-01-01 03:13:08,BRONX,10461,BRONX,Blocked Driveway
35147548,2017-01-01 03:13:08,BROOKLYN,11207,BROOKLYN,Noise - Residential
35146347,2017-01-01 03:13:17,BROOKLYN,11213,BROOKLYN,Noise - Residential
35144942,2017-01-01 03:13:35,BROOKLYN,11229,BROOKLYN,Noise - Residential
35144074,2017-01-01 03:14:03,MANHATTAN,10033,NEW YORK,Noise - Residential
35148201,2017-01-01 03:14:10,BROOKLYN,11225,BROOKLYN,Noise - Residential
35147028,2017-01-01 03:14:16,MANHATTAN,10018,NEW YORK,Noise - Street/Sidewalk
35144737,2017-01-01 03:14:31,BROOKLYN,11211,BROOKLYN,Noise - Residential
35148147,2017-01-01 03:14:36,QUEENS,11416,OZONE PARK,Noise - Residential
35146801,2017-01-01 03:14:45,BROOKLYN,11203,BROOKLYN,Noise - Commercial
35146475,2017-01-01 03:14:51,MANHATTAN,10025,NEW YORK,Noise - Street/Sidewalk
35147232,2017-01-01 03:15:25,BROOKLYN,11206,BROOKLYN,HEAT/HOT WATER
35145136,2017-01-01 03:15:32,BROOKLYN,11210,BROOKLYN,HEAT/HOT WATER
35145965,2017-01-01 03:16:06,QUEENS,11368,CORONA,Noise - Residential
35145305,2017-01-01 03:16:17,BRONX,10458,BRONX,Noise - Residential
35147632,2017-01-01 03:16:37,MANHATTAN,10040,NEW YORK,Noise - Residential
35144213,2017-01-01 03:16:37,BRONX,10454,BRONX,Noise - Residential
35144372,2017-01-01 03:17:00,MANHATTAN,10033,NEW YORK,Noise - Residential
35145929,2017-01-01 03:17:25,BRONX,10467,BRONX,Noise - Residential
35146374,2017-01-01 03:17:30,BROOKLYN,11204,BROOKLYN,HEAT/HOT WATER
35146064,2017-01-01 03:17:52,MANHATTAN,10040,NEW YORK,Noise - Residential
35145937,2017-01-01 03:17:58,BROOKLYN,11238,BROOKLYN,Noise - Residential
35144347,2017-01-01 03:18:04,MANHATTAN,10033,NEW YORK,Noise - Residential
35144357,2017-01-01 03:18:05,BRONX,10456,BRONX,Noise - Residential
35144733,2017-01-01 03:18:14,Unspecified,,,Noise - Residential
35147631,2017-01-01 03:18:24,MANHATTAN,10033,NEW YORK,Noise - Residential
35146468,2017-01-01 03:18:42,BROOKLYN,11238,BROOKLYN,Noise - Residential
35146989,2017-01-01 03:18:57,BROOKLYN,11219,BROOKLYN,Noise - Commercial
35145851,2017-01-01 03:19:00,BROOKLYN,11201,BROOKLYN,Noise - Residential
35144967,2017-01-01 03:19:07,MANHATTAN,10036,NEW YORK,Taxi Complaint
35146555,2017-01-01 03:19:34,BROOKLYN,11225,BROOKLYN,Noise - Residential
35146013,2017-01-01 03:19:51,BRONX,10467,BRONX,Noise - Residential
35145114,2017-01-01 03:19:55,BROOKLYN,11238,BROOKLYN,Noise - Commercial
35144734,2017-01-01 03:20:11,BRONX,10463,BRONX,Noise - Residential
35147891,2017-01-01 03:20:27,MANHATTAN,10035,NEW YORK,HEAT/HOT WATER
35147664,2017-01-01 03:20:39,BRONX,10467,BRONX,Noise - Residential
35148196,2017-01-01 03:20:42,BRONX,10460,BRONX,Noise - Residential
35144604,2017-01-01 03:20:49,QUEENS,11373,ELMHURST,Blocked Driveway
35145411,2017-01-01 03:20:55,BRONX,10463,BRONX,Noise - Residential
35148025,2017-01-01 03:21:03,STATEN ISLAND,10301,STATEN ISLAND,For Hire Vehicle Complaint
35147077,2017-01-01 03:21:07,BRONX,10460,BRONX,Noise - Residential
35143922,2017-01-01 03:21:15,BRONX,10458,BRONX,HEAT/HOT WATER
35146009,2017-01-01 03:21:15,BROOKLYN,11207,BROOKLYN,Noise - Residential
35146538,2017-01-01 03:21:15,BRONX,10468,BRONX,Noise - Residential
35146030,2017-01-01 03:21:30,BROOKLYN,11206,BROOKLYN,Noise - Residential
35145774,2017-01-01 03:21:33,BROOKLYN,11236,BROOKLYN,Blocked Driveway
35144898,2017-01-01 03:21:37,QUEENS,11355,FLUSHING,Noise - Residential
35147286,2017-01-01 03:21:50,BRONX,10454,BRONX,HEAT/HOT WATER
35146008,2017-01-01 03:21:55,BRONX,10458,BRONX,Noise - Residential
35144925,2017-01-01 03:22:13,BROOKLYN,11211,BROOKLYN,Noise - Residential
35146523,2017-01-01 03:22:26,BRONX,10453,BRONX,Noise - Residential
35145182,2017-01-01 03:23:03,BROOKLYN,11224,BROOKLYN,Noise - Residential
35147310,2017-01-01 03:23:09,QUEENS,11432,Jamaica,HEAT/HOT WATER
35144742,2017-01-01 03:23:22,MANHATTAN,10040,NEW YORK,Noise - Street/Sidewalk
35145069,2017-01-01 03:23:47,BROOKLYN,11228,BROOKLYN,Blocked Driveway
35145954,2017-01-01 03:24:00,QUEENS,11417,OZONE PARK,Noise - Residential
35144366,2017-01-01 03:24:14,BRONX,10460,BRONX,Noise - Residential
35145918,2017-01-01 03:24:25,STATEN ISLAND,10304,STATEN ISLAND,Noise - Commercial
35144355,2017-01-01 03:24:28,MANHATTAN,10031,NEW YORK,Noise - Residential
35148161,2017-01-01 03:24:39,BRONX,10463,BRONX,Noise - Residential
35148048,2017-01-01 03:24:40,BRONX,10467,BRONX,Noise - Residential
35144880,2017-01-01 03:25:01,BROOKLYN,11206,BROOKLYN,Noise - Residential
35147856,2017-01-01 03:25:17,QUEENS,11417,OZONE PARK,Noise - Residential
35147684,2017-01-01 03:25:19,BRONX,10460,BRONX,Noise - Residential
35145187,2017-01-01 03:25:22,MANHATTAN,10031,NEW YORK,Noise - Street/Sidewalk
35145606,2017-01-01 03:25:53,MANHATTAN,10035,NEW YORK,HEAT/HOT WATER
